v1,v2
ham,"Jurong Point, Crazy .. तक जाओ .. केवल बगिस n महान दुनिया में उपलब्ध है ला ई बुफे ... सिने वहाँ अमोरे वाट हो गया ..."
ham,ठीक है लार ... मजाक wif u oni ...
spam,नि: शुल्क प्रविष्टि 2 में एक wkly COMP को जीतने के लिए FA CUP FILL TKTS 21 मई 2005 को जीतने के लिए। प्रवेश प्रश्न (STD पाठ दर) प्राप्त करने के लिए पाठ FA 87121 T & CS लागू करें 08452810075Over18
ham,"नाह मुझे नहीं लगता कि वह यूएसएफ में जाता है, वह हालांकि इधर -उधर रहता है"
spam,"Freemsg अरे वहाँ डार्लिंग यह 3 सप्ताह का अब हो गया है और कोई शब्द वापस नहीं है! मैं आपको इसके लिए अभी भी कुछ मज़ा करना चाहता हूं? टीबी ठीक है! XXX STD CHGS भेजने के लिए, on £ 1.50 को RCV को"
ham,आपके अनुरोध के अनुसार 'मेलले मेल्ले (ओरु मिननामिनुंगिन्टे नूरुंगु वेट्टम)' को सभी कॉलर्स के लिए आपके कॉलर्ट्यून के रूप में सेट किया गया है। अपने दोस्तों Callertune को कॉपी करने के लिए *9 दबाएँ
spam,विजेता !! एक मूल्यवान नेटवर्क ग्राहक के रूप में आपको £ 900 पुरस्कार इनाम प्राप्त करने के लिए चुना गया है! कॉल करने के लिए 09061701461 पर कॉल करें। दावा कोड KL341। केवल 12 घंटे मान्य।
spam,क्या आपका मोबाइल 11 महीने या उससे अधिक था? यू आर मुफ्त में कैमरे के साथ नवीनतम रंग मोबाइलों को अपडेट करने का हकदार है! 08002986030 पर मोबाइल अपडेट सह मुफ्त कॉल करें
spam,"नकद जीतने के छह मौके! 100 से 20,000 पाउंड txt> csh11 और 87575 पर भेजें। लागत 150p/दिन, 6 दिन, 16+ tsandcs लागू करें उत्तर HL 4 जानकारी"
spam,"अति आवश्यक! आपने हमारे एक £ 100,000 पुरस्कार जैकपॉट में 1 सप्ताह की मुफ्त सदस्यता जीती है! Txt शब्द: दावा नहीं: 81010 T & C www.dbuk.net lccltd pobox 4403ldnw1a7rw18"
ham,मैं रविवार को विल के साथ एक तारीख है !!
spam,"XXXMOBILEMOVIECLUB: अपने क्रेडिट का उपयोग करने के लिए, अगले TXT संदेश में WAP लिंक पर क्लिक करें या यहां क्लिक करें >> http: // wap। XXXMOBILEMOVIECLUB.COM?N=QJKGIGHJJGCBL"
ham,एह यू याद है कि कैसे 2 उसका नाम जादू करते हैं ... हाँ मैंने किया। वह वी शरारती तब तक बनाता है जब तक मैं वी गीला नहीं करता।
ham,ठीक है अगर यह आप महसूस करते हैं। इस तरह से इसके गोटा बी
spam,"इंग्लैंड बनाम मैसेडोनिया - लक्ष्यों/टीम की खबर को याद न करें। TXT उर नेशनल टीम 87077 ईजी इंग्लैंड से 87077 ट्राई: वेल्स, स्कॉटलैंड 4TXT/Ã Ã ¢1.20 POBOXOX36504W45WQ 16+"
ham,Iâ € €m 2 महीने के लिए कोशिश करने जा रहे हैं हा हा केवल मजाक
ham,तो Ã_ पहले अंतिम भुगतान करें ... फिर स्टॉक कॉमिन कब है ...
ham,पिछाड़ी मैं अपना दोपहर का भोजन समाप्त करता हूं तो मैं नीचे लोर जाता हूं। Ard 3 smth lor। यू उर दोपहर का भोजन पहले से ही खत्म?
ham,Ffffffffff। ठीक है कोई रास्ता नहीं मैं तुम्हारे साथ जल्द मिल सकता हूँ?
ham,बस खुद को एक टुकड़ा खाने के लिए मजबूर किया। मैं वास्तव में भूखा नहीं हूँ। यह बेकार है। मार्क चिंतित हो रहा है। वह जानता है कि जब मैं पिज्जा को बंद कर देता हूं तो मैं बीमार हूं। ज़ोर-ज़ोर से हंसना
ham,अपने हमेशा इतना आश्वस्त करने वाला।
ham,क्या आपने बस पकड़ ली? क्या आप एक अंडा फ्राई कर रहे हैं? क्या आपने चाय बनाई? क्या आप अपनी माँ को रात के खाने के बचे हुए खा रहे हैं? क्या आपको मेरा प्यार महसूस होता है?
ham,"मैं वापस आ गया हूं और हम अब कार पैक कर रहे हैं, मैं आपको बता दूंगा कि क्या जगह है"
ham,आह। काम। मुझे अस्पष्ट रूप से याद है! यह किसके जैसा महसूस होता है? ज़ोर-ज़ोर से हंसना
ham,"प्रतीक्षा करें कि अभी भी यह सब स्पष्ट नहीं है, क्या आप मेरे बारे में निश्चित नहीं हैं कि व्यंग्यात्मक हैं या यही कारण है कि एक्स हमारे साथ नहीं रहना चाहते हैं"
ham,"हाँ, वह 2 में मिला और वी माफी माँगता था। n बाहर गिर गया था और वह खराब बच्चे की तरह एक्टिन था और वह उसमें फंस गया। 2 तक! लेकिन हम वहां नहीं जाएंगे! बहुत बुरी तरह से चीयर्स नहीं कर रहे हैं। आप?"
ham,K मुझे तुम्हारे बारे में कुछ भी बताओ।
ham,उस सभी गृहकार्य के साथ बेहोशी के डर से आपने अभी किया? त्वरित एक क्यूपा है
spam,"रिंगटोन यूके के लिए आपकी सदस्यता के लिए धन्यवाद, आपका मोबाइल Â £ 5/माह का शुल्क लिया जाएगा, कृपया हां या ना में जवाब देकर पुष्टि करें। यदि आप उत्तर नहीं देते हैं तो आपसे शुल्क नहीं लिया जाएगा"
ham,"उफ़, मैं आपको बता दूंगा कि मेरे रूममेट जब किया है"
ham,मैं अपनी कार पर लेटर बी देखता हूं
ham,कुछ भी लोर ... यू तय ...
ham,नमस्ते! आप कैसे हैं और शनिवार कैसे चले गए? मैं सिर्फ यह देखने के लिए टेक्स्टिंग कर रहा था कि क्या आपने कुछ भी करने का फैसला किया है। ऐसा नहीं है कि मैं खुद को या कुछ भी आमंत्रित करने की कोशिश कर रहा हूँ!
ham,Pls वाट्स के साथ आगे बढ़ें। मैं सिर्फ सुनिश्चित होना चाहता था। एक शानदार सप्ताहांत है। अबिओला
ham,"क्या मैं आपको बताना भूल गया? मैं तुम्हें चाहता हूं, मुझे तुम्हारी ज़रूरत है, मैं तुम्हें तरसता हूं ... लेकिन सबसे अधिक ... मैं तुमसे प्यार करता हूँ मेरी प्यारी अरब की सीढ़ी ... mmmmmm ... यम्मी"
spam,07732584351 - रॉजर बर्न्स - MSG = हमने आपको एक मुफ्त नोकिया मोबाइल + फ्री कैमकॉर्डर के लिए अपने एसएमएस के लिए अपने उत्तर को फिर से कॉल करने की कोशिश की। कृपया कल डिलीवरी के लिए 08000930705 पर कॉल करें
ham,महान! मुझे आशा है कि आप अपने आदमी को अच्छी तरह से पसंद करेंगे। मैं <#> इंच हूं ...
ham,कोई कॉल नहीं..मसेज..मिस्ड कॉल
ham,क्या आपको नाइजीरिया में हेप बी टीकाकरण नहीं मिला।
ham,"काफी उचित, कुछ भी चल रहा है?"
ham,"हाँ उम्मीद है, अगर टायलर ऐसा नहीं कर सकता है तो मैं शायद थोड़ा सा पूछ सकता हूं"
ham,आप नहीं जानते कि मैं कितना जिद्दी हूं। मैं अस्पताल भी नहीं जाना चाहता था। मैं मार्क को बताता रहा कि मैं एक कमजोर चूसने वाला नहीं हूं। अस्पताल कमजोर चूसने वालों के लिए हैं।
ham,आप मेरे बारे में क्या सोचते हैं। पहली बार आपने मुझे कक्षा में देखा।
ham,"एक ग्राम आमतौर पर <#> की तरह चलता है, एक आधा आठवां स्मार्ट है, हालांकि आपको <#> के लिए लगभग पूरे दूसरे ग्राम में मिलता है"
ham,"K Fyi X की कल सुबह एक सवारी है, लेकिन वह आज रात हमारी जगह पर दुर्घटनाग्रस्त हो रहा है"
ham,"बहुत खूब। मुझे कभी एहसास नहीं हुआ कि आप अपने आवासों से बहुत शर्मिंदा थे। मुझे लगा कि आपको यह पसंद आया है, क्योंकि मैं सबसे अच्छा कर रहा था और आप हमेशा \ _ गुफा के बारे में बहुत खुश लग रहे थे। मुझे खेद है कि आपका कमरा बहुत शर्मनाक था। """
spam,एसएमएस। एसी एसपीटीवी: न्यू जर्सी डेविल्स और डेट्रायट रेड विंग्स आइस हॉकी खेलते हैं। सही या गलत? अंत? उत्तर दें SPTV
spam,"बधाई! 2 के लिए 1 साल का विशेष सिनेमा पास आपका है। अब 09061209465 पर कॉल करें! सी सुपरमैन वी, मैट्रिक्स 3, स्टार वार्स 3, आदि सभी 4 मुक्त! BX420-IP4-5WE। 150pm। याद नहीं है!"
ham,बताओ कि आप कहां पहुंचे
ham,हाँ..गौटी और सहवाग ओडीई श्रृंखला से बाहर।
ham,आपके घर के रास्ते में अपने लिए $ 1 बर्गर लेने के लिए। मैं भी नहीं जा सकता। दर्द मुझे मार रहा है।
ham,हा हा हा गुड जोक। लड़कियां स्थिति चाहने वाले हैं।
ham,यह IQ की जाँच करने का एक हिस्सा है
ham,"क्षमा करें, मेरे रूममेट्स ने हमेशा के लिए लिया, अगर मैं अब तक आता हूं तो ठीक है?"
ham,"ठीक है लार मैं डबल चेक वाईफ दा हेयर ड्रेसर पहले से ही कहा कि उसने कहा कि वून कट वी शॉर्ट। उन्होंने कहा कि जब तक मैं अच्छा नहीं लगूंगा, तब तक कट जाएगा।"
spam,"एक मूल्यवान ग्राहक के रूप में, मुझे आपको यह सलाह देते हुए खुशी हो रही है कि आपकी भीड़ की हालिया समीक्षा के बाद आपको एक £ 1500 बोनस पुरस्कार से सम्मानित किया जाता है, 09066364589 पर कॉल करें"
spam,"तत्काल उर ने यूरोडिसिन ट्रैव, एसीओ और एंट्री 41 या एक £ 1000 के लिए एक मानार्थ यात्रा से सम्मानित किया। TXT DIS का दावा करने के लिए 87121 18+6*Â £ 1.50 (MoreFrmmob। ShracomorsGlsuplt) 10, LS1 3AJ"
spam,"क्या आपने नए \ तलाक बार्बी \ ""के बारे में सुना है? यह केन के सभी सामानों के साथ आता है!"""
ham,वाह भाग्यशाली आदमी ... तो पैसे बचा सकते हैं ... हे ...
ham,तैयार वर्ग आप कहाँ हैं।
ham,हाय बेब im घर पर अब कुछ करना चाहते हैं? XX
ham,K..K :) आप कहाँ हैं? आपने कैसे प्रदर्शन किया?
ham,आप मुझे अब फोन कर सकते हैं ...
ham,मैं मचन का इंतजार कर रहा हूं। एक बार मुझे मुक्त करने के बाद मुझे बुलाओ।
ham,यह अच्छा है। मैं एक सज्जन हूं और आपके साथ सम्मान और सम्मान के साथ व्यवहार करूंगा।
ham,मैं आप लोगों को बहुत पसंद करता हूं :) लेकिन मैं बहुत शर्मीला हूं।
ham,<#> के बाद संचालित नहीं होता है या क्या
ham,यह यहाँ एक ही नहीं है। अभी भी नौकरी की तलाश में है। टा कितना कमाता है।
ham,"क्षमा करें, मैं बाद में फोन करूंगा"
ham,के। क्या तुमने मुझे अभी कहा था?
ham,"ठीक है, मैं घर के रास्ते पर हूँ हाय हाय"
ham,आप उस आदमी के स्थान पर रहेंगे
ham,हाँ अगला पड़ाव।
ham,"मैं आपको बाद में कॉल करता हूं, नेटवर्क नहीं है। अगर urgnt, मुझे sms।"
ham,असली के लिए जब आप यो पर हो रहे हैं? मुझे केवल 2 और टिकट और एक और जैकेट चाहिए और मैं कर रहा हूं। मैंने पहले से ही अपने सभी मल्टीस का इस्तेमाल किया।
ham,"हां, मैंने इसे बनाने के लिए अनुरोध भेजना शुरू कर दिया लेकिन दर्द वापस आ गया इसलिए मैं बिस्तर पर वापस आ गया हूं। कारखाने में भी डबल सिक्के। मैं अपने सभी नाइट्रोस में नकद होगा।"
ham,मैं वास्तव में यह अभी भी आज रात बेब तक नहीं हूँ
ham,"Ela Kano।, il डाउनलोड, आओ जब उर मुक्त .."
ham,हाँ करो! Donâ € € tst tho को बंद करने के लिए स्टैंड- youâ € € कुछ पकड़ो!
ham,दर्दनाक होने के लिए क्षमा करें। क्या यह ठीक है अगर हम एक और रात मिलते हैं? मैंने देर से दोपहर को कैजुअल्टी में बिताया और इसका मतलब है कि मैंने कोई भी y stuff42moro नहीं किया है और इसमें मेरी सारी टाइम शीट और वह शामिल हैं। क्षमा मांगना।
ham,दर्द में मुस्कुराते हुए मुस्कुराते हुए मुस्कुराते हुए मुस्कुराते हुए मुस्कुराते हुए जब परेशानी बारिश की मुस्कान की तरह होती है जब sum1 दर्द होता है तो यू स्माइल
spam,कृपया 10 am-9pm के बीच 0800 169 6031 पर हमारे ग्राहक सेवा प्रतिनिधि को कॉल करें क्योंकि आपने एक £ 1000 नकद या of £ 5000 पुरस्कार जीता है!
spam,"आपका मुफ्त रिंगटोन एकत्र होने की प्रतीक्षा कर रहा है। बस पासवर्ड को सत्यापित करने के लिए पासवर्ड \ MIX \ ""पर 85069 पाठ करें। USHER और ब्रिटनी प्राप्त करें। FML"
ham,अच्छा ऐसा है। जब हम खत्म करते हैं तो हमारे पास भुगतान करने के लिए ऋण का भार होता है
ham,"नमस्ते। Wk ठीक है - अब होल्स पर! हाँ एक रन के लिए। भूल गया कि मेरे पास हेयरड्रेसर की नियुक्ति चार है इसलिए पहले से होम एन शॉवर प्राप्त करने की जरूरत है। क्या यह यू के लिए संभावना है? \ ""
जांघ"""
ham,कृपया मुझे अब पाठ न करें। मेरे पास कहने के लिए कुछ नहीं है।
ham,ठीक है नाम उर मूल्य जब तक इसके कानूनी! क्या मैं उन्हें उठा सकता हूं? Y u ave x ams xx
ham,मैं अभी भी खरीदने के लिए एक कार की तलाश कर रहा हूं। और अभी तक 4 ड्राइविंग टेस्ट नहीं गया है।
ham,आपके अनुरोध के अनुसार 'मेलले मेल्ले (ओरु मिननामिनुंगिन्टे नूरुंगु वेट्टम)' को सभी कॉलर्स के लिए आपके कॉलर्ट्यून के रूप में सेट किया गया है। अपने दोस्तों Callertune को कॉपी करने के लिए *9 दबाएँ
ham,"बहुत खूब। आप ठीक कह रहे हैं! मुझे ऐसा करने का मतलब नहीं था। मुझे लगता है कि एक बार जब मैंने बोस्टन पुरुषों को छोड़ दिया और अपना खोज स्थान बदल दिया, तो कुछ बदल गया। मेरे हस्ताक्षर पृष्ठ पर cuz यह अभी भी बोस्टन कहता है।"
ham,उमा मेरे जीवन और ववा उममा तुमसे बहुत प्यार करते हैं
ham,मेरे जन्मदिन पर आपकी इच्छाओं के लिए बहुत बहुत धन्यवाद। मेरा जन्मदिन वास्तव में यादगार बनाने के लिए धन्यवाद।
ham,"ऐइट, जब मुझे कुछ नकदी मिलती है तो मैं तुम्हें मारूंगा"
ham,मेरा आईपी एड्रेस टेस्ट कैसे होगा कि मेरे कंप्यूटर पर विचार करना एक Minecraft सर्वर नहीं है
ham,मुझे पता है! क्रोधी बूढ़े लोग। मेरी माँ ऐसी थी जैसे तुम बेहतर झूठ मत बोलो। फिर मैं हमेशा चुटकुले खेलने वाला हूं ...
ham,चिंता मत करो। मुझे लगता है कि वह व्यस्त है।
ham,संज्ञा अनुसंधान का बहुवचन क्या है?
ham,रात के खाने के लिए जा रहा है। आप के बाद।
ham,"मैं ठीक हूँ, यह मुझे पसंद है 2 नई चीजों की कोशिश करते हैं। लेकिन मैं माह की तरह यू डन से डर गया। कॉस यू ने बहुत जोर से नहीं कहा।"
spam,जेंट! हम आपसे संपर्क करने की कोशिश कर रहे हैं। पिछले सप्ताहांत ड्रॉ से पता चलता है कि आपने एक £ 1000 पुरस्कार की गारंटी जीती है। 09064012160 पर कॉल करें। दावा कोड K52। केवल 12hrs मान्य। 150ppm
ham,"जैसे ही मैंने अपने केबिन में प्रवेश किया, मेरे पीए ने कहा, '' हैप्पी बीडे बॉस !! ''। मुझे विशेष लगा। उसने मुझसे 4 लंच पूछा। दोपहर के भोजन के बाद उसने मुझे अपने अपार्टमेंट में आमंत्रित किया। हम वहाँ गए।"
spam,आप एक विजेता हैं यू विशेष रूप से चुने गए हैं 2 £ 1000 प्राप्त करें या 4* हॉलिडे (फ्लाइट्स इंक) एक लाइव ऑपरेटर से बात करें 2 क्लेम 0871277810910p/मिनट (18+)
ham,हम्म ... मेरे चाचा ने मुझे सूचित किया कि वह सीधे स्कूल का भुगतान कर रहा है। तो pls भोजन खरीदते हैं।
spam,निजी! 07742676969 के लिए आपका 2004 का खाता विवरण 786 अप्रकाशित बोनस अंक दिखाता है। क्लेम करने के लिए 08719180248 पहचानकर्ता कोड: 45239 समाप्त हो रहा है
spam,"अति आवश्यक! आपके मोबाइल नंबर को 5/9/03 पर on £ 2000 बोनस कॉलर पुरस्कार से सम्मानित किया गया था। यह यू से संपर्क करने की हमारी अंतिम कोशिश है! लैंडलाइन से कॉल करें 09064019788 BOX42WR29C, 150ppm"
spam,7548 को समाप्त होने वाले वोडा नंबर को $ 350 का पुरस्कार प्राप्त करने के लिए चुना जाता है। यदि आपके पास मैच है तो कृपया 08712300220 पर कॉल करें
ham,एक भविष्यवाणी वाट समय Ã_ मैं खरीदने के लिए समाप्त होगा?
ham,"अच्छा सामान, करेंगे।"
ham,"बस इतना है कि आप जानते हैं, अभी तक अभी तक पैसे नहीं भेजे हैं। मैंने बस उसे भेजने की जहमत नहीं उठाने के लिए एक पाठ भेजा। तो इसके ऊपर, आपको अपने आप को किसी भी चीज़ में शामिल नहीं करना है। मुझे पहले स्थान पर आप पर कुछ भी नहीं करना चाहिए था, इसलिए मैं माफी मांगता हूं।"
ham,क्या आप वहां कमरे में हैं।
ham,हेय मित्र। आप कैसे हैं? आशा है कि यू आर मुझे एक डेल आर बेक! फिर से लंबे समय तक नहीं सी! मुझे Lucyxx से कॉल सम टाइम दें
ham,K..K :) इसकी लागत कितनी है?
ham,मेँ घर पर हूँ।
ham,"प्रिय, कल कॉल करेंगे।"
ham,पहले मेरे सवाल का जवाब दें।
spam,सनशाइन क्विज़ wkly q! एक शीर्ष सोनी डीवीडी प्लेयर जीतें यदि आप जानते हैं कि एल्गरवे किस देश में है? TXT ANSR से 82277। Â £ 1.50 SP: Tyrone
spam,आज रात 2 बिछाने के लिए चाहते हैं? असली डॉगिंग स्थानों को प्रत्यक्ष 2 उर भीड़ भेजना चाहते हैं? 69888 के लिए यूके के सबसे बड़े डॉगिंग नेटवर्क बीटी TXTING बजरी में शामिल हों! Nt। ec2a। 31p.msg@150p
ham,वह वहां है। आप फोन करते हैं और उससे मिलते हैं
ham,नहीं - नहीं। मैं गतिविधियों से पहले सभी कमरों की जांच करूंगा
spam,आप चैट एसवीसी से कोई और अधिक एमएसजी आरसीवी नहीं करेंगे। मुफ्त कट्टर सेवाओं के लिए पाठ पर जाएं: 69988 यदि आपको कुछ भी नहीं मिलता है तो आपको yr नेटवर्क के साथ सत्यापित करना चाहिए और फिर से प्रयास करें
ham,"के, मुझे पाठ जब आप रास्ते में हों"
ham,"महोदय, आपके मेल की प्रतीक्षा कर रहे हैं।"
ham,"एक मीठा विचार: \ _ कभी भी छोटी चीजें करने से थक नहीं जाते हैं 4 प्यारा व्यक्तियों .. \ ""cuz..sometimes उन छोटी चीजें उनके दिलों में सबसे बड़ा हिस्सा है .. Gud Ni8"""
ham,मैं आपको जानता हुँ। क्या आप कृपया वापस खोल सकते हैं?
ham,"हाँ, आपको डॉट पर नहीं देखें"
ham,स्टाफ का नाम क्या है जो हमारे लिए क्लास ले रहा है?
spam,"FREEMSG आपने मेरे पाठ का जवाब क्यों नहीं दिया? मैं रैंडी, सेक्सी, महिला हूं और स्थानीय रहती हूं। यू से सुनने के लिए लव। NetCollex Ltd 08700621170150p प्रति MSG उत्तर दें"
ham,K..I ने अपना संपर्क हटा दिया कि क्यों?
ham,सिंधु को बिरलसॉफ्ट में नौकरी मिली।
ham,शराब बह रही है और मैं कभी नहीं है ..
ham,YUP I Thk Cine बेहतर है cos कोई जरूरत नहीं 2 2 plaza mah नीचे जाओ।
ham,ठीक है ... उर विशिष्ट उत्तर ...
ham,आपके अनुरोध के अनुसार 'मेलले मेल्ले (ओरु मिननामिनुंगिन्टे नूरुंगु वेट्टम)' को सभी कॉलर्स के लिए आपके कॉलर्ट्यून के रूप में सेट किया गया है। अपने दोस्तों Callertune को कॉपी करने के लिए *9 दबाएँ
ham,"आप हर जगह गंदगी, फर्श पर, खिड़कियां, यहां तक ​​कि मेरी शर्ट पर भी हैं। और कभी -कभी जब मैं अपना मुंह खोलता हूं, तो आप सब बाहर निकलते हैं। मैं तुम्हारे बिना अपनी दुनिया का सपना देखता हूं, फिर मेरे आधे काम भी बाहर हैं। मेरे लिए आनंद का समय, बहुत सारे टीवी शो I.ll देखें। लेकिन मुझे लगता है कि आप सभी चीजों की तरह हैं, जैसे कि बारिश, ओले और धुंध की तरह, और जब मेरा समय यहां हो जाता है, तो आप और मैं एक हो जाते हैं।"
ham,AAOOOORIGHT क्या आप काम पर हैं?
ham,मैं अब अपना घर छोड़ रहा हूं ...
ham,हैलो मेरी जान। आप क्या कर रहे हो? क्या आप आज उस साक्षात्कार में पहुंचे? क्या आप खुश हैं? क्या आप एक अच्छे लड़के हैं? क्या आप मेरे बारे में सोचते हैं? क्या आप मुझे याद कर रहे हैं?
spam,ग्राहक सेवा एनोन्समेंट। आपके पास एक नए साल की डिलीवरी है जो आपके लिए इंतजार कर रही है। कृपया डिलीवरी की व्यवस्था करने के लिए अब 07046744435 पर कॉल करें
spam,आप एक विजेता हैं यू विशेष रूप से चुने गए हैं 2 £ 1000 नकद प्राप्त करें या 4* अवकाश (उड़ानें इंक) एक लाइव ऑपरेटर से बात करें 2 दावा 087127781081010
ham,मेरे माता -पिता के लिए नई कार और घर ।:) मैं हाथ में केवल नई नौकरी है :)
ham,मैं तुमसे बहुत प्यार करता हूं। मैं हर दिन उत्साहित हूं कि मैं आपके साथ बिताता हूं। आप मुझे बहुत खुशी देते हैं।
spam,-प्ल्स स्टॉप बूटीडेलियस (32/एफ) आपको उसका दोस्त बनने के लिए आमंत्रित कर रहा है। उत्तर हां -434 या NO-434 उसे देखें: www.sms.ac/u/bootydelious STOP? 62468 पर STOP FRND भेजें
spam,"BANGBABES आपका आदेश रास्ते में है। U को एक सेवा msg 2 डाउनलोड उर सामग्री प्राप्त करनी चाहिए। यदि आप नहीं करते हैं, तो वैप पर जाएं। बैंगब। उर मोबाइल इंटरनेट/सेवा मेनू पर टीवी"
spam,अति आवश्यक! हम आपसे संपर्क करने की कोशिश कर रहे हैं। पिछले सप्ताहांत ड्रॉ से पता चलता है कि आपने एक £ 900 पुरस्कार की गारंटी दी है। 09061701939 पर कॉल करें। दावा कोड S89। केवल 12hrs मान्य
ham,ग्रेट एस्केप। मैं पुल की कल्पना करता हूं लेकिन उसके लेगर की जरूरत है। आप टोमो देखें
ham,हाँ :) यह पूरी तरह से बाहर रूप में :) क्लार्क भी बेकार है।
ham,"महोदय, मुझे एक्सिस बैंक खाता नंबर और बैंक पते की आवश्यकता है।"
ham,"हम्मम .. thk यकीन है कि हॉप ard के लिए समय मिला ... हां, 4 मुक्त abt जा सकते हैं ... muz कॉल यू liao पर चर्चा करने के लिए ..."
ham,आप बाद में किस समय नीचे आ रहे हैं?
ham,"खूनी नरक, खिचड़ी भाषा का मानना ​​है कि आप मेरे उपनाम को भूल गए। बीमार यू एक सुराग दे, इसके स्पेनिश और एम के साथ शुरू होता है ..."
ham,"खैर, मैं अब अपना स्नान खत्म करने वाला हूं। एक अच्छी है ... ठीक रात।"
ham,मुझे पता है जब आपको पैसा मिला है ताकि कार्लोस कॉल कर सके
ham,आप अभी भी मॉल जा रहे हैं?
ham,"मेरे दोस्त पूरे शो के लिए रह रहे हैं और वापस til ~ <#> नहीं रहेंगे, इसलिए बेझिझक आगे बढ़ें और उस $ <#> को धूम्रपान करें"
ham,उसे पाठ। अगर वह जवाब नहीं देती है तो मुझे बताएं कि मैं उसका लॉग इन कर सकता हूं
ham,नमस्ते! आपने सिर्फ मनेश वी से बात की थी। हम जानना चाहेंगे कि क्या आप अनुभव से संतुष्ट थे। उत्तर हां या नहीं के साथ टोल मुक्त करें
ham,आपने पैसे की पेशकश के साथ मेरी आशाओं को उठा लिया। मुझे जरूरत है। खासकर जब महीने का अंत आता है और यह मेरी पढ़ाई को नुकसान पहुंचाता है। वैसे भी एक GR8 सप्ताहांत है
ham,लॉल नहीं। आप मुझ पर भरोसा कर सकते हैं।
ham,ठीक है। मैं एक सज्जन हूं और आपके साथ सम्मान और सम्मान के साथ व्यवहार करूंगा।
ham,"वह, तुम लोग बंद हो?"
ham,कुछ भी नहीं महान पर जा रहा है।
ham,हेलो नौजवान ! क्या आप वह नौकरी पा रहे हैं? आलसी नहीं हो रहा है? मम्मी के लिए उस नेट को वापस पाने की दिशा में काम करना? अब मेरा बॉयटॉय कहाँ है? क्या वह मुझे याद करता है?
ham,"हाहा, एक मिनट में वहाँ रहो"
spam,कृपया हमारे ग्राहक सेवा प्रतिनिधि को फ्रीफोन 0808 145 4742 पर 9 am-11pm के बीच कॉल करें क्योंकि आपने एक £ 1000 नकद या एक £ 5000 पुरस्कार जीता है!
ham,मैं जूस घर पहुंचा। मैं पहले स्नान करता हूं। लेकिन मेरी बहन ने नेट का उपयोग किया जब वह k खत्म कर देता है ...
spam,क्या आप काफी अद्वितीय हैं? 30 अगस्त से पता करें। www.areyouunique.co.uk
ham,HI :) अंत में मैंने कोर्स पूरा किया :)
ham,यह अपने आप पर रुक जाएगा। मैं हालांकि सुझाव देता हूं कि वह किसी ऐसे व्यक्ति के साथ रहती है जो हर मल के लिए ओआरएस देने में सक्षम होगी।
ham,आप कैसे हैं? आशा है कि आप नए स्कूल वर्ष के लिए बस गए हैं। बस आप एक gr8 दिन की कामना करते हैं
ham,गुड मॉर्निंग डियर आपका दिन शुभ हो
ham,क्या आपको वह व्यक्तियों की कहानी मिली
ham,क्या आपका हम्सटर मृत है? अरे तो कल मैं तुम्हें 1 बजे ऑर्चर्ड एमआरटी पर मिला?
ham,"हाय इसकी केट आपकी शाम कैसी है? मुझे आशा है कि मैं आपको कल थोड़ा सा देख सकता हूं, लेकिन मुझे बेबीजोंटेट को ब्लडी करना है! यदि आप कर सकते हैं तो वापस txt। :) xxx"
ham,"यह मिला, enc <#>, आप कहाँ पर हैं?"
ham,मैंने आपको <#> रुपये भेजे
ham,"हैलो डार्लिन मैंने अब कॉलेज समाप्त कर लिया है, इसलिए मुझे पाठ करें जब यू फिनिश अगर आप केट xxx से प्यार कर सकते हैं"
ham,आपके खाते को INR <दशमलव> द्वारा सफलतापूर्वक रिफिल किया गया है। आपका Keralacircle Prepaid खाता शेष RS <दशमलव> है। आपकी लेनदेन आईडी kr <#> है।
ham,स्लीपिंग सोविंग गा।
ham,यू कॉल मुझे 11 ओके पर बदल दिया।
ham,एक तब तक कहो जब तक कि मैं डन नहीं खरीदता एरिक्सन ओसो नहीं कर सकता oredi लार ...
ham,"जैसे ही मैंने अपने केबिन में प्रवेश किया, मेरे पीए ने कहा, '' हैप्पी बीडे बॉस !! ''। मुझे विशेष लगा। उसने मुझसे 4 लंच पूछा। दोपहर के भोजन के बाद उसने मुझे अपने अपार्टमेंट में आमंत्रित किया। हम वहाँ गए।"
ham,"Aight yo, dats स्ट्रेट डॉग"
ham,आप कृपया हमें <दशमलव> से पहले आज ही कनेक्शन दें या बिल को वापस कर दें
ham,दोनों :) मैं बड़े भार को शूट करता हूं ताकि तैयार हो जाऊं!
ham,"ब्रूव क्या है, आशा है कि आपके पास एक महान ब्रेक था। एक पुरस्कृत सेमेस्टर है।"
ham,घर तो हम हमेशा चैट कर सकते हैं
ham,K :) K :) अच्छा :) अच्छी तरह से अध्ययन करें।
ham,हाँ ... कैसे Ã_ noe लेह ...
ham,बहुत अच्छा लगता है! तुम अब घर पर हैं क्या?
ham,अंत में मैच आपकी भविष्यवाणी के रूप में ड्रा की ओर बढ़ रहा है।
ham,थका हुआ। मैं पिछली कुछ रातों से अच्छी तरह से नहीं सोया था।
ham,आसान आह? सेन का चयन किया गया मतलब यह अच्छा है ।।
ham,मुझे 3 मार्च के साथ परीक्षा देनी है
ham,"हाँ, आपको चाहिए। मुझे लगता है कि आप पंजीकरण करने के लिए अब अपने जीटी एटीएम का उपयोग कर सकते हैं। निश्चित नहीं है, लेकिन अगर वहाँ वैसे भी है तो मैं मुझे बताने में मदद कर सकता हूं। लेकिन जब आप सुनिश्चित करें कि आप तैयार हैं।"
ham,"ठीक, कोई समस्या नहीं। पर्याप्त समय लो।"
ham,Ubandu नामक OS है जो हार्ड डिस्क में स्थापित किए बिना चलेगा ... आप उस OS का उपयोग सिस्टम में महत्वपूर्ण फ़ाइलों को कॉपी करने के लिए कर सकते हैं और इसे मरम्मत की दुकान के लिए दे सकते हैं।
ham,"क्षमा करें, मैं बाद में फोन करूंगा"
ham,आप कहते हैं कि लेह ... बेशक कुछ भी नहीं होता है। V रोमांटिक जूस केवल थोड़ा लोर नहीं कहो। मैं e nite दृश्यों को इतना अच्छा नहीं लेह।
spam,"2004 से 500 नए मोबाइल, जाना चाहिए! TXT: NOKIA TO NO: 89545 और आज ही अपना इकट्ठा करें! केवल एक £ 1 www.4-tc.biz 2optout 087187262701.50GBP/MTMSG18 से"
spam,"क्या आप जल्द ही उर ड्रीम पार्टनर से मिलेंगे? क्या उर करियर 2 से एक फ्लाइंग स्टार्ट है? 2 मुफ्त का पता लगाएं, पाठ होरो के बाद उर स्टार साइन, ई। जी। होरो मेष राशि"
ham,"जीवन शिक्षक की तुलना में अधिक सख्त है ... BCOZ शिक्षक सबक सिखाता है और फिर परीक्षा आयोजित करता है, लेकिन जीवन पहले परीक्षा आयोजित करता है और फिर सबक सिखाता है। हैप्पी मॉर्निंग। । ।"
ham,प्रिय सुप्रभात अब केवल मैं ऊपर हूँ
ham,गांधिपुरम में नीचे उतरें और कट रोड को पार करने के लिए चलें। दाईं ओर <#> स्ट्रीट रोड और पहले दाईं ओर मुड़ें।
ham,प्रिय हम अपने रबर की जगह पर जा रहे हैं
ham,"सॉरी बैटरी मर गई, हाँ मैं यहाँ हूँ"
ham,हाँ :) यहाँ टीवी हमेशा काम की जगह पर उपलब्ध है ।।
spam,पाठ और आज किसी सेक्सी से मिलें। यू एक तिथि पा सकता है या यहां तक ​​कि यू के लिए अपने ऊपर फ़्लर्ट कर सकता है। 4 सिर्फ 10 पी में शामिल हो सकता है। नाम और उम्र के साथ उत्तर जैसे कि सैम 25। 18 -MSG recd@तीस पेंस
ham,या मैं एक ही सड़क पर बस स्टॉप की तरह थोड़ा करीब हो जाऊंगा
ham,तुम कहाँ हो? तुम यहाँ कब पहुँचोगे?
ham,"नया सिद्धांत: तर्क डी स्थिति जीतता है, लेकिन व्यक्ति को खो देता है। तो उर दोस्तों के साथ बहस न करें .. । । उन्हें किक करें और कहें, मैं हमेशा सही हूं।"
spam,U 447801259231 में एक गुप्त प्रशंसक है जो 2 देख रहा है 2 यू-फिंड के साथ संपर्क करें जो वे आर*प्रकट करते हैं कि कौन सोचता है कि उर इतना विशेष-कॉल 09058094597 पर है।
ham,Plyssssssseeeee tel me v v avent don sportsx
ham,"ठीक है। नहीं नहीं, बस चमक रहा है। यह हस्ताक्षर करने के लिए था, लेकिन यह बेहतर लगता है।"
ham,"हालाँकि मैंने बताया कि मैं अब baig चेहरे की घड़ियों में हूँ, लेकिन मुझे वास्तव में ई वॉच यू ने पसंद किया है, यह fr u है। Thanx 4 सब कुछ dat u ने आज किया है, मैं छुआ है ..."
ham,आपको उस पुराने वाणिज्यिक को याद नहीं है?
ham,बहुत देर हो गई। मैंने कहा कि मेरे पास वेबसाइट है। मैं नहीं था या नहीं चप्पल है
ham,मैंने आपको उसे अब ठीक बुलाने के लिए कहा
ham,कलिस ने दूसरी पारी में बल्लेबाजी की।
ham,"यह फिर से काम नहीं किया ओह। ठीक है शुभरात्रि। I.ll ठीक है और जब तक आप जागते हैं, तब तक यह तैयार हो जाता है। आप बहुत प्रिय हैं, रात की अच्छी नींद है।"
spam,बधाई हो उर ने सीडी वाउचर या 125gift गारंटीकृत और मुफ्त प्रविष्टि 2 100 से सम्मानित किया 2 100 wkly ड्रा txt संगीत 87066 tncs www.ldew.com1win150ppmx3age16
ham,"वेन उर प्यारा bcums गुस्सा चौड़ा यू, इसे गंभीरता से लेते हैं .. coz गुस्से में है d सबसे बचकाने n गहरे स्नेह दिखाने का सच्चा तरीका है, देखभाल n luv! .. kettoda manda ... है अच्छा दिन दा।"
ham,आप क्या कर रहे हैं? आप कैसे हैं?
ham,"यूपीएस जो 3 दिन भी है, और शिपिंग कंपनी जो 2wks लेती है। दूसरा तरीका USPS है जिसमें एक सप्ताह लगता है लेकिन जब यह अंतराल हो जाता है तो आपको अपना सामान पाने के लिए निपस्ट को रिश्वत देना पड़ सकता है।"
ham,"मैं वापस आ गया हूं, लेमम को पता है कि आप कब तैयार हैं"
ham,"जरूरी नहीं है कि आप वापस आने से पहले ऐसा किया जाए, क्योंकि मैं अभी हेडिन हूं"
ham,Mmm तो स्वादिष्ट बेब ... सूजी के लिए अच्छा झटका
ham,तुम कहाँ प्रेमी हो? मुझे तुम्हारी जरूरत है ...
spam,हमने आपको एक वीडियो हैंडसेट के हमारे प्रस्ताव के लिए अपने उत्तर से संपर्क करने की कोशिश की? 750 कभी भी नेटवर्क मिन्स? असीमित पाठ? CAMCORDER? उत्तर या अब 08000930705 पर कॉल करें
ham,हां
ham,वैसे भी मैं अब अपने दम पर खरीदारी कर रहा हूं। क्योंकि मेरी बहन अभी तक नहीं की गई है। डन डिस्टर्ब यू लियाओ।
ham,मेरा नम्बर। ल्यूटन 0125698789 में मुझे अगर उर के आसपास रिंग करें! एच*
spam,"अरे, मैं वास्तव में सींग का बना हुआ हूं या मुझे नग्न पाठ को हॉट देखना चाहता हूं या 69698 पाठ को 150 बजे से चार्ज करने के लिए पाठ बंद कर दें"
ham,सैम। कुछ समय बाद एक यात्रा की योजना बनाना चाहते हैं
ham,"अभी तक यकीन नहीं है, अभी भी उसे पकड़ पाने की कोशिश कर रहा है"
spam,उर रिंगटोन सेवा बदल गई है! 25 मुफ्त क्रेडिट! अब सामग्री चुनने के लिए Club4mobiles.com पर जाएं! रुकना? TXT क्लब 87070 पर रोक।
spam,रिंगटोन क्लब: प्रत्येक सप्ताह अपने मोबाइल पर यूके एकल चार्ट प्राप्त करें और किसी भी शीर्ष गुणवत्ता वाले रिंगटोन चुनें! यह संदेश नि: शुल्क है।
ham,"रात एक और दिन के लिए समाप्त हो गई है, सुबह एक विशेष तरीके से आ गई है। आप धूप की किरणों की तरह मुस्कुराते हैं और ब्लू ब्लू बे में अपनी चिंताओं को छोड़ देते हैं।"
spam,एचएमवी बोनस विशेष 500 पाउंड वास्तविक एचएमवी वाउचर जीता जा सकता है। बस 4 आसान सवालों के जवाब दें। अब खेलते हैं! HMV को 86688 पर भेजें अधिक जानकारी: www.100percent-real.com
ham,कोई आपत्ति नहीं। मेरा bf नहीं आ रहा है।
ham,Thanx ...
ham,थिएटर में अपने gf को मैक करने के लिए रोब को बताएं
ham,"बहुत बढ़िया, मैं तुम्हें थोड़ा देखूंगा"
ham,बस इसे भेजा। तो आपको किस प्रकार का भोजन पसंद है?
ham,सब कुछ कर दिया? सभी में सौंप दिया? अभी तक पूरे जोश में समारोह?
ham,आपको एक उपकरण कहा जाता है?
ham,\ Wen u किसी को याद करते हैं
ham,ठीक है। मैंने पैसे मांगे कि कितनी दूर तक
ham,ओकी ...
ham,"हाँ, मुझे लगता है कि मेरा सामान्य आदमी कल रात से बाहर निकला है, अगर आप किसी के बारे में बताते हैं तो मुझे पता है और मैं नीचे फेंक दूंगा"
ham,"के, मैं आज रात तक आ सकता हूं, अगर मेरी कक्षा जल्दी बाहर निकलती है"
ham,ठीक है..
ham,हाय बेबी इम क्रूज़िन मेरी गर्ल फ्रेंड के साथ क्या आर यू अप 2? मुझे घर पर एक कॉल करें और घर पर घंटा अगर ठीक है या मुझे इस फ़ोन पर अब जेनी xxx से प्यार है
ham,"मेरा जीवन मेरे लिए बहुत मायने रखता है, इसलिए नहीं कि मैं अपने जीवन से प्यार करता हूं, लेकिन क्योंकि मैं अपने जीवन में लोगों से प्यार करता हूं, दुनिया उन्हें दोस्तों को बुलाता है, मैं उन्हें अपनी दुनिया कहता हूं :-) .. जी :-) .."
ham,"प्रिय, स्ट्रीट में टोनाइट को मेल करेगा।"
ham,अरे तुमने अपना नाम गौथम आह को बताया?
ham,हफ यू उसे मिला? मुझे लगता है कि बहुत बेवकूफ दा वी कैम काम कर रहा था।
ham,उफ़। 4 वह बिट मिला।
ham,क्या आप इस बहुत बुजी हैं
ham,मैंने गलती से संदेश हटा दिया। कृपया फिर से तैयार करें।
spam,टी-मोबाइल ग्राहक अब आप अपने नि: शुल्क कैमरा फोन अपग्रेड और एक पे एंड गो सिम कार्ड का दावा कर सकते हैं। 0845 021 3680 पर कॉल करें
ham,मुझे चोट लगी ... मुझे चिढ़ाती है ... मुझे रोओ ... लेकिन मेरे जीवन के अंत में जब मैं मर जाता हूं तो एक गुलाब को मेरी कब्र पर रखें और बेवकूफ कहें कि मैं आपको याद करता हूं .. एक अच्छा दिन BSLVYL है
ham,मैं अभी फोन नहीं उठा सकता। Pls एक संदेश भेजें
ham,कॉफी रन टोमो की जरूरत है? यह विश्वास नहीं कर सकता कि यह सप्ताह का समय पहले से ही है
ham,"बहुत बढ़िया, मुझे याद है कि पिछली बार हमें पहली बार डीजल के साथ किसी को उच्च मिला था: वी"
ham,"बकवास जो वास्तव में चौंकाने वाला और डरावना है, एक सेकंड के लिए कल्पना नहीं कर सकता। रात के लिए बाहर। क्या आपको लगता है कि मैं रात के लिए दुर्घटनाग्रस्त हो सकता हूं, टैक्सी पर बचा सकता हूं?"
ham,ओह और वैसे आप अपने फ्रिज में अधिक भोजन करते हैं! आज रात भोजन के लिए बाहर जाना चाहते हैं?
ham,वह एक महिला अभिनेता है
spam,"एसएमएस। एसी ब्लाइंड डेट 4U!: रोड्स 1 एबरडीन, यूनाइटेड किंगडम से 21/मीटर है। उसे http: // img की जाँच करें। एसएमएस। ac/w/icmb3cktz8r7! -4 कोई अंधा दिनांक नहीं भेजें"
ham,जोस पूछते हैं कि क्या आप मिलना चाहते हैं?
ham,ज़ोर से हँसना हाँ। हमारी दोस्ती एक धागे पर लटका हुआ है क्योंकि यू सामान नहीं खरीदेगा।
spam,"Themob> सामग्री, खेल, टन, गपशप, लड़कियों और खेल के हमारे नवीनतम चयन की जाँच करें, अपने मोबाइल फिट और कायरता पाठ वैप को 82468 पर रखें"
ham,आज स्वीकार है दिन..यू मुझे स्वीकार करते हैं? भाई बहन प्रेमी प्रिय 1 best1 clos1 lvblefrnd jstfrnd cutefrnd lifpartnr प्रिय प्रिय सबसे अच्छा दोस्त कोई rply का मतलब दुश्मन का मतलब है
spam,"उर स्मार्ट लगता है? हमारे साप्ताहिक क्विज़ में इस सप्ताह £ 200 जीतें, 85222 पर पाठ प्ले! T & CS विजेताक्लब PO बॉक्स 84, M26 3UZ। 16+। GBP1.50/सप्ताह"
ham,"हाय जिस तरह से मैं यू 2 दिन के साथ था, यह सामान्य तरीका है कि यह असली है। आपका अनोखा मुझे आशा है कि मुझे पता है कि आप बाकी मायलाइफ के बाकी हैं। आशा है कि यू पाते हैं वॉट खो गया था।"
ham,आपने मेरा दिन बना दिया। एक महान दिन भी है।
ham,K.K :) एडवांस हैप्पी पोंगल।
ham,"हम्म ... लगता है कि हम 4 kb n पावर योगा जा सकते हैं ... हाहा, डनो हम ताहान पावर योग एनोट कर सकते हैं ... thk को लो ओसो मिला, लियाओ भूल गए ..."
ham,"वास्तव में दोस्त नहीं है, कोई दोस्त नहीं है मुझे डर है :("
spam,केवल दिसंबर! क्या आपका मोबाइल 11mths+था? आप मुफ्त में नवीनतम रंग कैमरा मोबाइल को अपडेट करने के हकदार हैं! 08002986906 पर मोबाइल अपडेट सह मुफ्त कॉल करें
ham,"मेरी क्रिसमस आप भी बेब, मैं प्यार करता हूँ *चुंबन *"
ham,अरे ... क्यों नहीं हम सिर्फ एक्स पुरुषों को देखते हैं और दोपहर का भोजन करते हैं ... हाहा
ham,cud u लोगों को बताओ कि मैं b e e hit l8 cos 2 बसों hav gon gon post cos वे पूर्ण थे और मैं अभी भी वेटिन 4 1। पीट एक्स
ham,वह महान होगा। हम गिल्ड में होंगे। ब्रिस्टल रोड या कहीं न कहीं मिल सकते हैं - सप्ताहांत में संपर्क में आएंगे। हमारी योजनाएं उड़ान भरती हैं! आपका सप्ताह शुभ हो
ham,कोई बात नहीं। आप कैसे हैं?
ham,कोई कॉल नहीं..मसेज..मिस्ड कॉल
ham,होंडा :) आज की कक्षा कैसी है?
ham,"मैं कहूंगा कि यह एक अच्छा संकेत है, लेकिन, ठीक है, आप महिलाओं को पढ़ने में मेरा ट्रैक रिकॉर्ड जानते हैं"
ham,"ठंडा, मुझे पाठ जब आप पार्क कर रहे हों"
ham,मैं वह पाठ पढ़ रहा हूं जो मैंने आपको भेजा है। इसका मतलब एक मजाक है। तो इसे उस प्रकाश में पढ़ें
ham,K.K :) APO K.GOOD MOVIE।
ham,शायद मैं टॉमो से बाहर किताब निकाल सकता हूं और फिर इसे तुरंत वापस कर सकता हूं ..? या कुछ और।
spam,जर्मनी को केवल 1 पेंस प्रति मिनट के लिए कॉल करें! एक्सेस नंबर 0844 861 85 85 के माध्यम से एक निश्चित लाइन से कॉल करें। कोई पूर्व भुगतान नहीं। सीधी पहुंच!
spam,वैलेंटाइन डे विशेष! हमारे क्विज़ में of £ 1000 से अधिक जीतें और अपने साथी को जीवन भर की यात्रा पर ले जाएं! अब 83600 पर जाएं। 150p/msg rcvd। CustCare: 08718720201।
ham,ठंडा। तो आप कैसे आते हैं और पहले जीते नहीं हैं?
ham,बस सो रहे हैं..और सर्फिंग
ham,"क्षमा करें, मैं बाद में फोन करूंगा"
ham,आप मुझे सही कह रहे हैं? मेरे हाथ फोन पर कॉल करें ...
ham,"ठीक है, यह बहुत अच्छा है।"
ham,मैं इसे लेता हूँ पोस्ट तब आ गया है! अब आपके पास 1000s पाठ होना चाहिए! हैप्पी रीडिंग। अंत में WIV हैलो कैरोलीन से मेरा एक मेरा पसंदीदा है। आशीर्वाद दें
ham,आप कहाँ अजनबी को छिपा रहे हैं?
ham,ऐसा करने में कोई दिलचस्पी नहीं है।
ham,मेरी बहन ने कल बिड़ला सॉफ्ट में दो राउंड को साफ कर दिया।
ham,Gudnite .... tc ... अभ्यास चल रहा है
ham,डिस yijue है। मैंने सिर्फ आपका मेल देखा। मामले में Huiming ने यू मेरी संख्या नहीं भेजी है। डिस मेरी संख्या है।
ham,अब एक छोटी प्रतिष्ठा समस्या।
spam,फैंसी एक शग? मैं करता हूँ? sextextuk.com txt xxuk suzy पर 69876। TXTS की लागत 1.50 प्रति MSG है। वेबसाइट पर TNCs। एक्स
ham,"नाह आपकी मदद नहीं कर सकता, मैंने कभी iPhone नहीं किया है"
ham,यदि आप एक -डेढ़ घंटे में मेरी कार में नहीं हैं तो मैं एपेशिट जा रहा हूं
ham,"आज सॉरी डे है! अगर कभी मैं तुमसे नाराज था, अगर कभी मैं दुर्व्यवहार करता हूं या आपको चोट पहुंचाता हूं? plz plz बस अपने आप को थप्पड़ मारता है, इसके उर गलती, मैं मूल रूप से अच्छा हूं"
ham,यो तुम लोग कभी पता लगाओ कि हमें शराब के लिए कितना चाहिए? जय और मैं यह पता लगाने की कोशिश कर रहे हैं कि हम सुरक्षित रूप से खरपतवार पर कितना खर्च कर सकते हैं
ham,<#> Ish मिनट 5 मिनट पहले था। Wtf।
ham,कॉल करने के लिए धन्यवाद। आप के लिए हैप्पी ओनम कहने के लिए।
spam,बधाई हो उर ने सीडी वाउचर या 125gift गारंटीकृत और मुफ्त प्रविष्टि 2 100 से सम्मानित किया 2 100 wkly ड्रा txt संगीत 87066 tncs www.ldew.com1win150ppmx3age16
spam,उर कैश-बैलेंस वर्तमान में 500 पाउंड है-उर कैश-इन को अधिकतम करने के लिए अब 86688 केवल 150p/msg पर नकद भेजें। CC: 08708800282 HG/SUITE342/2LANDS ROW/W1J6HL
ham,"नमस्ते! बस यहाँ मिला, सेंट एंड्रयूज-बॉय एक लंबा रास्ता तय करना! ठंड है। मैं तुम्हें तैनात रखूँगा"
ham,हा हा कूल कूल चिक्कु चिक्कु:-):-डीबी-)
ham,ओह ठीक है नहीं प्रो ।।
ham,ऑड्रे की स्थिति अभी देखें
ham,यहाँ व्यस्त। नए साल के लिए खत्म करने की कोशिश कर रहा है। मैं अंत में आपसे मिलने के लिए उत्सुक हूं ...
ham,"शुभ दोपहर की धूप! उस दिन कैसे भोर? क्या हम ताज़ा और खुश होने के लिए खुश हैं? क्या हम हवा में सांस लेते हैं और मुस्कुराते हैं? मैं तुम्हारे बारे में सोचता हूं, मेरा प्यार ... हमेशा की तरह"
ham,वैसे मुझे पता है कि जेड मेरी देखभाल करेगा। तो कोई चिंता नहीं।
spam,"UPDATE_NOW - क्रिसमस की पेशकश! नवीनतम मोटोरोला, सोनीरिक्सन और नोकिया और फ्री ब्लूटूथ! नारंगी पर डबल मिनट और 1000 txt। 08000839402 या Call2optout/f4q = पर MobileupD8 पर कॉल करें"
spam,यहाँ आपका डिस्काउंट कोड RP176781 है। आगे के संदेशों को रोकने के लिए उत्तर रोकें। www.regalportfolio.co.uk। ग्राहक सेवा 08717205546
ham,"जब आप तैयार हों तो मुझे कूल करें, मुझे पाठ करें"
ham,"हेलो माय बॉयटॉय ... जीई मैं आपको पहले से ही याद करता हूं और मैं अभी जाग गया हूं। काश तुम यहाँ मेरे साथ बिस्तर पर होते, मुझे cuddling। मुझे तुमसे प्यार है ..."
ham,मैं तुम्हें बिस्तर में भी खराब कर दूंगा :)
ham,मैं स्नान के लिए जा रहा हूँ आपको अगला <#> मिनट होगा ..
ham,मैं लोगों से बात नहीं कर सकता अगर मुझे यकीन नहीं है कि मैं उन्हें भुगतान कर सकता हूं यदि वे कीमत के लिए सहमत हैं। तो pls मुझे बताएं कि आप वास्तव में क्या खरीदना चाहते हैं और आप कितना भुगतान करने के लिए तैयार हैं
spam,"आपके रिंगटोन ऑर्डर के लिए धन्यवाद, संदर्भ T91। आपसे प्रति सप्ताह GBP 4 चार्ज किया जाएगा। आप 09057039994 पर ग्राहक सेवाओं को कॉल करके कभी भी सदस्यता समाप्त कर सकते हैं"
ham,आप मुझे देख सकते थे..मैं आपको नहीं पहचानता। :)
ham,वैसे लिंडसे में नए साल पर बहुत सारी चीजें नहीं हो रही हैं *
ham,अगर रिनू लाता है तो मेरा पेसम को वहां रखें
ham,मैंने सिखाया कि रंजीथ सर ने मुझे फोन किया। तो केवल मैं इस तरह से एसएमएस। प्रोजेक्ट के बारे में सत्यापित करने में संकोच होता है। प्रबू ने आज ही बताया कि केवल पीए ने मुझे गलती न करें ।।
ham,"मुझे लगता है कि इसीलिए आप चिंतित हैं। आपको पता होना चाहिए कि शरीर की मरम्मत का एक तरीका है। और मुझे पूरा यकीन है कि आपको चिंता नहीं करनी चाहिए। हम इसे धीमा कर देंगे। पहले परीक्षण, वे मार्गदर्शन करेंगे जब आपका ओव्यूलेशन तब आराम करेगा। आपने कुछ भी नहीं कहा है चिंता का कारण है, लेकिन मैं आपको फॉलो करता हूं।"
ham,"हाँ यकीन है, मुझे अपने बटुए को ट्रैक करने के लिए कुछ मिनट दें"
ham,अरे इसे छोड़ दो। कोई बड़ी बात नहीं है :-) ध्यान रखें।
ham,"अरे, मुझे देर हो जाएगी आह ... आपको 945+ पर मिलेंगे"
spam,"नारंगी पर डबल मिनट और TXTS 4 6 महीने का मुक्त ब्लूटूथ। सोनी, नोकिया मोटोरोला फोन पर उपलब्ध है। 08000839402 या Call2optout/n9dx पर MobileupD8 पर कॉल करें"
ham,ग्राहक स्थान मैं आपको फोन करूंगा।
ham,उस समय मिमी
spam,4mths आधा मूल्य ऑरेंज लाइन किराये और नवीनतम कैमरा फोन 4 मुफ्त। क्या आपका फोन 11mths था? अब अपडेट करने के लिए 08000938767 पर MobilesDirect मुफ्त कॉल करें! or2stoptxt
ham,इतनी देर से ... रात के खाने के लिए?
ham,अरे तो यह सैट हम केवल इंट्रो पिलेट्स के लिए जा रहे हैं? या किकबॉक्सिंग भी?
ham,सुबह केवल मैं ठीक कर सकता हूं।
ham,"हां मुझे ऐसा लगता है। मैं कार्यालय में हूं, लेकिन मेरी गोद कमरे में है मुझे लगता है कि पिछले कुछ दिनों से। मैंने इसे बंद नहीं किया"
ham,आप बाउट 7.30ish उठाओ? क्या समय है और वह जा रहा है?
ham,प्रदर्शन पुरस्कार के बाद यहां से हर दो महीने में गणना की जाती है। वर्तमान एक महीने की अवधि के लिए नहीं ..
ham,वास्तव में सो रहा था और अभी भी हो सकता है जब आप वापस कॉल करते हैं। तो एक पाठ GR8 है। आप सिस रॉक करते हैं। आप एक पाठ भेजेंगे वेन मैं जागता हूं।
ham,"आप हमेशा अपने व्यवसाय को वहां से बाहर कर रहे हैं। आपने फेसबुक पर अपनी गांड की तस्वीरें डालीं। आप उन सबसे खुले लोगों में से एक हैं जिनसे मैं कभी मिला हूं। मुझे क्यों लगता है कि आपके कमरे की एक तस्वीर आपको चोट पहुंचाएगी, जिससे आप उल्लंघन करते हैं।"
ham,"गुड इवनिंग सर, अल सलाम वाहलेकुम।"
ham,हम्मम ... के ... लेकिन मैं जल्दी से फील्ड को बदलना चाहता हूं :-) मैं सिस्टम एडमिनिस्ट्रेटर या नेटवर्क एडमिनिस्ट्रेटर प्राप्त करना चाहता हूं।
spam,"एक पॉली या टेक्स्ट के लिए 87131 के लिए फ्री रिंगटोन टेक्स्ट पहले 87131 के लिए एक सच्चे टोन के लिए 87131 तक पहुंचें! मदद करना? 0845 2814032 16 1 फ्री के बाद, टोन 3xâ £ 150pw से eâ £ nd txt स्टॉप हैं"
ham,हेयर क्रीम को भेजा नहीं गया है।
ham,हालांकि आपको यहाँ नहीं मिल रहा है
ham,"हां, महान Loxachatchee क्रिसमस ट्री बर्निंग <#> एक घंटे में शुरू होता है"
ham,"हाहा यूएसएफ आदमी के लिए ड्राइविंग करने की आदत है, मुझे बहुत सारे स्टोनर्स पता हैं"
ham,सब ठीक था जब तक कि मेरे fav darlings के साथ इस पीएम को थोड़ा विनाशकारी वर्ग! आशा है कि दिन ठीक है। कॉफी wld अच्छा होगा क्योंकि कल देर से नहीं रह सकता। एक ही समय + जगह हमेशा की तरह?
ham,नमस्ते! अच्छा सप्ताह? फैंसी एक पेय या बाद में कुछ?
ham,हेडिन की ओर हेडिन
ham,संदेश: कुछ पाठ गायब *प्रेषक: नाम गायब * *नंबर गायब *भेजा गया: दिनांक गायब *लापता यू एक बहुत कुछ है जो सब कुछ गायब है
ham,कुछ बिंदु पर हमारे कमरे से आओ ताकि हम इस सप्ताहांत के लिए योजना को बाहर कर सकें
ham,क्योंकि मैं चाहता हूं कि यह आपकी बात हो
ham,"Okies ... मैं यान जिउ भी जाऊंगा ... हम ard oso को छोड़ सकते हैं, Cine Den Go Mrt One, Blah Blah Blah ..."
ham,घर कुछ वेंडी = डी लाओ
spam,100 डेटिंग सेवा CAL; L 09064012103 BOX334SK38CH
ham,ठीक है मेरे पास अब एक नया लक्ष्य है
spam,हमारे oll £ 250 साप्ताहिक प्रतियोगिता में नि: शुल्क प्रवेश केवल 80086 के लिए शब्द जीत को पाठ करें। 18 T & C www.txttowin.co.uk
spam,एक लोगो 2 उर प्रेमी भेजें - 2 नाम एक दिल से जुड़ गए। Txt प्यार name1 name2 mobno जैसे प्यार एडम ईव 07123456789 से 87077 याहू! POBOX36504W45WQ TXTNO 4 कोई ADS 150P नहीं
spam,किसी ने हमारी डेटिंग सेवा से संपर्क किया है और आपके फोन में प्रवेश किया है क्योंकि वे आपको पसंद करते हैं! यह पता लगाने के लिए कि यह एक लैंडलाइन 09111032124 से किसे कॉल है। POBOX12N146TF150p
spam,अति आवश्यक! आपका मोबाइल नंबर एक £ 2000 पुरस्कार की गारंटी से सम्मानित किया गया है। लैंड लाइन से 09058094455 पर कॉल करें। दावा 3030। केवल 12hrs मान्य
ham,ठीक है। वह ठीक हो जाएगी। मेरे ख़याल से
ham,aathi.. तुम कहाँ प्रिय हो ।।
ham,पेशाब पर कोई दर्द किसी और चीज पर?
ham,7 एस्प्लेनेड पर .. Ã_ मन मुझे एक लिफ्ट कॉस दे रहा है मुझे आज कोई कार नहीं मिली।
ham,मैं एक बीएमडब्ल्यू कार खरीदने के लिए तत्काल है..तें vry urgent. था लेकिन hv की कमी <#> lacs.there arng dis amt के लिए कोई स्रोत नहीं है। <#> लाख..तो मेरी संभावना
ham,घर पर टीवी लोर देख रहा है।
ham,क्या वह आमतौर पर हाँ या कोई सवाल का जवाब देने के लिए पंद्रह कमबख्त मिनट लेती है
spam,बधाई! Nokia 3650 वीडियो कैमरा फोन आपका कॉल है 09066382422 कॉल COST COST 150PPM AVE कॉल 3mins मोबाइल्स से अलग -अलग हैं 16+ क्लोज 300603 पोस्ट BCM4284 LDN WC1N3XX
ham,अब आप उपलब्ध हैं? मैं हिल्सबोरो के आसपास सही हूं और <#> वें
ham,भेजा गया संदेश <#> डॉलर के लिए पूछ रहा है। क्या मुझे <#> या <#> का भुगतान करना चाहिए?
ham,"जी या आईओरी से पूछें, मैंने कहानी को पहले ही दस बार बताया है"
ham,Applebees कमबख्त कितना समय लगता है
ham,"हाय आशा है कि यह txt ~ यात्रा अच्छी नहीं है, कैसे लगभग 50 मिनट देर से मुझे लगता है।"
ham,लेकिन मुझे करना है। मुझे प्यार और व्यवस्था करना पसंद है।
ham,हाँ..वह वास्तव में बहुत अच्छा है..बजी ने दुनिया में सचिन के बाद कलिस को सबसे अच्छा क्रिकेटर बताया :): बाहर निकलने के लिए बहुत कठिन है।
ham,आप मुझे जगाने वाले थे> :(
ham,"ओइक ... मैंने उसे भी देखा, लेकिन मैंने उसे डिन किया, मुझे सी। ... मुझे एक समूह लियाओ मिला ..."
ham,"क्षमा करें, मैं बाद में फोन करूंगा"
ham,\ _ हे हे वेथे मोन्केस्पेसल कहते हैं कि हम बंदर! भव्य
ham,"क्षमा करें, मेरी बैटरी मर गई, मैं आ सकता हूं, लेकिन मुझे केवल अब एक ग्राम मिल रहा है, आपकी जगह कहां है?"
ham,"अच्छी तरह से किया, blimey, व्यायाम, हाँ, मुझे याद है कि wot है, हम्म।"
ham,मुझे एकाग्रता नहीं मिलेगी प्रिय आप जानते हैं कि आप मेरे दिमाग और सब कुछ हैं :-)
ham,LOL ... क्या आपने नए साल की योजना बनाई है?
ham,10 मिनट बाद k ...
ham,बहुत से हैंक्स!
ham,इस आशा के लिए धन्यवाद कि आज आपके पास एक अच्छा दिन था
ham,K :) K :) आप क्या विस्तार करना चाहते हैं?
ham,"ठीक है मैं उसे बाहर रहने के लिए कहूंगा। हाँ, यह कठिन है लेकिन हम इस महीने में आशावादी चीजें हैं।"
spam,"किसी भी उद्देश्य के लिए ऋण on £ 500 - of £ 75,000। गृहस्वामी + किरायेदारों का स्वागत है। क्या आपको पहले मना कर दिया गया है? हम अभी भी मदद कर सकते हैं। मुफ्त 0800 1956669 या पाठ वापस 'सहायता' पर कॉल करें"
ham,"एमी उरे को एक सुंदर, बुद्धिमान महिला देखें और मुझे बहुत पसंद है। मुझे पता है कि आप मुझे पसंद नहीं करते हैं, इसलिए चिंता नहीं है।"
ham,मुझे आशा है कि आप लगातार बुद्धिमान और दयालु होने का परिणाम है। प्रैक्टिकम लिंक के बारे में उससे पूछना शुरू करें और अपने कानों को खुला रखें और सभी को शुभकामनाएं दें। बाद में बात करता हूं
ham,"1.20 कि कॉल लागत। जो मुझे लगता है कि बुरा नहीं है। मिस हां, जरूरत है, हां, लव हां,"
ham,एक बहुत अलग भावना के माध्यम से जाना।
ham,तुम कहाँ गये थे? मेरा फोन मरने वाला है आपको यहाँ रहना है
ham,महान। बेहतर कभी नहीं किया गया। प्रत्येक दिन भगवान को धन्यवाद देने के लिए और भी अधिक कारण देता है
spam,"अपग्रेडेंट ऑरेंज ग्राहक, अब आप अपनी निष्ठा के लिए अपने मुफ्त कैमरा फोन अपग्रेड का दावा कर सकते हैं। अब 0207 153 9153 पर कॉल करें। प्रस्ताव 26 जुलाई को समाप्त होता है। T & C का आवेदन। ऑप्ट-आउट उपलब्ध"
ham,ठीक है मैं रेलवे के रास्ते पर हूँ
ham,महान राजकुमारी! मुझे मौखिक देना और प्राप्त करना बहुत पसंद है। डॉगी स्टाइल मेरी फेवर पोजीशन है। आप कैसे हैं? मुझे प्यार करने में मजा आता है <#> प्रति रात बार :)
ham,वे उस सामान को सड़कों पर नहीं डालते हैं ताकि इसे वहां पर फिसलन हो सके?
ham,आप अपनी बाइक की सवारी कब कर रहे हैं?
ham,"हाँ, कोई ज़रूरत नहीं है। मैं JUS प्रतीक्षा 4 ई रेन 2 स्टॉप।"
ham,कई कंपनी हैं। मुझे भाषा बताओ।
spam,OKMAIL: प्रिय डेव यह आपका अंतिम नोटिस है जो आपके 4* टेनेरिफ़ हॉलिडे या #5000 कैश अवार्ड को इकट्ठा करता है! लैंडलाइन से 09061743806 पर कॉल करें। TCS SAE BOX326 CW25WX 150PPM
ham,"कुछ नहीं। मेरा मतलब था कि एक बार जब पैसा आपके खाते में प्रवेश कर लेता है, तो बैंक अपनी फ्लैट दर को हटा देगा। किसी ने <#> को मेरे खाते में स्थानांतरित कर दिया और <#> डॉलर हटा दिया गया। इसलिए बैंक अलग -अलग हैं और शुल्क भी अलग हैं। निश्चित रूप से आप उस 9JA व्यक्ति पर भरोसा करते हैं जिसे आप खाता विवरण भेज रहे हैं ..."
spam,आज रात 2 बिछाने के लिए चाहते हैं? असली डॉगिंग स्थानों को प्रत्यक्ष 2 उर भीड़ भेजना चाहते हैं? 69888 NYT के लिए टेक्सटिंग का मतलब टेक्स्टिंग द्वारा यूके के सबसे बड़े डॉगिंग नेटवर्क में शामिल हों। ec2a। 31p.msg@150p
ham,"ठीक है, मैं पंद्रह मिनट की तरह USF तक जा रहा हूँ"
ham,लव यू ऐथी..लोव यू लॉट ।।
ham,तनाव आह? क्या माची? कोई समस्या?
ham,"K, जब आप कर रहे हैं तो क्या मैं एक और 8 वां उठा सकता हूं?"
ham,आप लोग कब वापस आ रहे हैं? जी ने कहा कि आप एमसीआर के लिए नहीं रहने के बारे में सोच रहे थे
ham,"लगभग वहाँ, एक सेक में यू देखें"
ham,"यो कार्लोस, कुछ दोस्त पहले से ही मुझसे पूछ रहे हैं, आप इस सप्ताह के अंत में काम कर रहे हैं?"
ham,टीवी लोर देखना ...
ham,धन्यवाद बेबी! मैं असली चीज़ का स्वाद लेने के लिए इंतजार नहीं कर सकता ...
ham,आपको अपने fb को Jaykwon thuglyfe Falconerf में बदलना चाहिए
ham,अगर हम लंबे समय तक इसका वास्तव में कोई 1 पक्ष जीतते हैं।
spam,"नि: शुल्क संदेश अपने 500 मुफ्त पाठ संदेशों को इस संदेश का जवाब देकर नियमों और शर्तों के लिए मुफ्त शब्द के साथ सक्रिय करें, www.07781482378.com पर जाएं"
ham,"गुणवत्ता पर निर्भर करता है। यदि आप चाहते हैं कि मैंने बॉय को भेजा, फीका महिमा, तो लगभग 6। यदि आप राल्फ्स को शायद 2 चाहते हैं"
ham,मुझे लगता है कि मैंने तय कर लिया है कि क्या आप एक परीक्षण संदेश भेज सकते हैं?
ham,सॉरी मैन मेरे खाते का सूखा
spam,"बधाई! 2 के लिए 1 साल का विशेष सिनेमा पास आपका है। अब 09061209465 पर कॉल करें! सी सुपरमैन वी, मैट्रिक्स 3, स्टार वार्स 3, आदि सभी 4 मुक्त! BX420-IP4-5WE। 150pm। याद नहीं है!"
ham,क्या वर्ग <#> पुनर्मिलन?
ham,क्या आप अभी स्वतंत्र हैं? क्या मैं अब फोन कर सकता हूं?
ham,मेह मिला ... कब?
ham,नहीं ... मुझे लगता है कि मैं सोमवार को इसके लिए जाऊंगा ... क्षमा करें मैंने इतनी देर से जवाब दिया
ham,उनमें से कुछ ने बताया कि एक्सेंचर की पुष्टि नहीं है। क्या यह सच है।
ham,"केट जैक्सन आरईसी सेंटर 7ish से पहले, है ना?"
ham,प्रिय मैं कमरे में पहुँच गया हूँ
spam,नि: शुल्क प्रविष्टि 2 में एक wkly COMP को जीतने के लिए FA CUP FILL TKTS 21 मई 2005 को जीतने के लिए। प्रवेश प्रश्न (STD पाठ दर) प्राप्त करने के लिए पाठ FA 87121 T & CS लागू करें 08452810075Over18
spam,"Freemsg अरे वहाँ डार्लिंग यह 3 सप्ताह का अब हो गया है और कोई शब्द वापस नहीं है! मैं आपको इसके लिए अभी भी कुछ मज़ा करना चाहता हूं? टीबी ठीक है! XXX STD CHGS भेजने के लिए, on £ 1.50 को RCV को"
spam,विजेता !! एक मूल्यवान नेटवर्क ग्राहक के रूप में आपको £ 900 पुरस्कार इनाम प्राप्त करने के लिए चुना गया है! कॉल करने के लिए 09061701461 पर कॉल करें। दावा कोड KL341। केवल 12 घंटे मान्य।
spam,क्या आपका मोबाइल 11 महीने या उससे अधिक था? यू आर मुफ्त में कैमरे के साथ नवीनतम रंग मोबाइलों को अपडेट करने का हकदार है! 08002986030 पर मोबाइल अपडेट सह मुफ्त कॉल करें
spam,"नकद जीतने के छह मौके! 100 से 20,000 पाउंड txt> csh11 और 87575 पर भेजें। लागत 150p/दिन, 6 दिन, 16+ tsandcs लागू करें उत्तर HL 4 जानकारी"
spam,"अति आवश्यक! आपने हमारे एक £ 100,000 पुरस्कार जैकपॉट में 1 सप्ताह की मुफ्त सदस्यता जीती है! Txt शब्द: दावा नहीं: 81010 T & C www.dbuk.net lccltd pobox 4403ldnw1a7rw18"
spam,"XXXMOBILEMOVIECLUB: अपने क्रेडिट का उपयोग करने के लिए, अगले TXT संदेश में WAP लिंक पर क्लिक करें या यहां क्लिक करें >> http: // wap। XXXMOBILEMOVIECLUB.COM?N=QJKGIGHJJGCBL"
spam,"इंग्लैंड बनाम मैसेडोनिया - लक्ष्यों/टीम की खबर को याद न करें। TXT उर नेशनल टीम 87077 ईजी इंग्लैंड से 87077 ट्राई: वेल्स, स्कॉटलैंड 4TXT/Ã Ã ¢1.20 POBOXOX36504W45WQ 16+"
spam,"रिंगटोन यूके के लिए आपकी सदस्यता के लिए धन्यवाद, आपका मोबाइल Â £ 5/माह का शुल्क लिया जाएगा, कृपया हां या ना में जवाब देकर पुष्टि करें। यदि आप उत्तर नहीं देते हैं तो आपसे शुल्क नहीं लिया जाएगा"
spam,07732584351 - रॉजर बर्न्स - MSG = हमने आपको एक मुफ्त नोकिया मोबाइल + फ्री कैमकॉर्डर के लिए अपने एसएमएस के लिए अपने उत्तर को फिर से कॉल करने की कोशिश की। कृपया कल डिलीवरी के लिए 08000930705 पर कॉल करें
spam,एसएमएस। एसी एसपीटीवी: न्यू जर्सी डेविल्स और डेट्रायट रेड विंग्स आइस हॉकी खेलते हैं। सही या गलत? अंत? उत्तर दें SPTV
spam,"बधाई! 2 के लिए 1 साल का विशेष सिनेमा पास आपका है। अब 09061209465 पर कॉल करें! सी सुपरमैन वी, मैट्रिक्स 3, स्टार वार्स 3, आदि सभी 4 मुक्त! BX420-IP4-5WE। 150pm। याद नहीं है!"
spam,"एक मूल्यवान ग्राहक के रूप में, मुझे आपको यह सलाह देते हुए खुशी हो रही है कि आपकी भीड़ की हालिया समीक्षा के बाद आपको एक £ 1500 बोनस पुरस्कार से सम्मानित किया जाता है, 09066364589 पर कॉल करें"
spam,"तत्काल उर ने यूरोडिसिन ट्रैव, एसीओ और एंट्री 41 या एक £ 1000 के लिए एक मानार्थ यात्रा से सम्मानित किया। TXT DIS का दावा करने के लिए 87121 18+6*Â £ 1.50 (MoreFrmmob। ShracomorsGlsuplt) 10, LS1 3AJ"
spam,"क्या आपने नए \ तलाक बार्बी \ ""के बारे में सुना है? यह केन के सभी सामानों के साथ आता है!"""
spam,कृपया 10 am-9pm के बीच 0800 169 6031 पर हमारे ग्राहक सेवा प्रतिनिधि को कॉल करें क्योंकि आपने एक £ 1000 नकद या of £ 5000 पुरस्कार जीता है!
spam,"आपका मुफ्त रिंगटोन एकत्र होने की प्रतीक्षा कर रहा है। बस पासवर्ड को सत्यापित करने के लिए पासवर्ड \ MIX \ ""पर 85069 पाठ करें। USHER और ब्रिटनी प्राप्त करें। FML"
spam,जेंट! हम आपसे संपर्क करने की कोशिश कर रहे हैं। पिछले सप्ताहांत ड्रॉ से पता चलता है कि आपने एक £ 1000 पुरस्कार की गारंटी जीती है। 09064012160 पर कॉल करें। दावा कोड K52। केवल 12hrs मान्य। 150ppm
spam,आप एक विजेता हैं यू विशेष रूप से चुने गए हैं 2 £ 1000 प्राप्त करें या 4* हॉलिडे (फ्लाइट्स इंक) एक लाइव ऑपरेटर से बात करें 2 क्लेम 0871277810910p/मिनट (18+)
spam,निजी! 07742676969 के लिए आपका 2004 का खाता विवरण 786 अप्रकाशित बोनस अंक दिखाता है। क्लेम करने के लिए 08719180248 पहचानकर्ता कोड: 45239 समाप्त हो रहा है
spam,"अति आवश्यक! आपके मोबाइल नंबर को 5/9/03 पर on £ 2000 बोनस कॉलर पुरस्कार से सम्मानित किया गया था। यह यू से संपर्क करने की हमारी अंतिम कोशिश है! लैंडलाइन से कॉल करें 09064019788 BOX42WR29C, 150ppm"
spam,7548 को समाप्त होने वाले वोडा नंबर को $ 350 का पुरस्कार प्राप्त करने के लिए चुना जाता है। यदि आपके पास मैच है तो कृपया 08712300220 पर कॉल करें
spam,सनशाइन क्विज़ wkly q! एक शीर्ष सोनी डीवीडी प्लेयर जीतें यदि आप जानते हैं कि एल्गरवे किस देश में है? TXT ANSR से 82277। Â £ 1.50 SP: Tyrone
spam,आज रात 2 बिछाने के लिए चाहते हैं? असली डॉगिंग स्थानों को प्रत्यक्ष 2 उर भीड़ भेजना चाहते हैं? 69888 के लिए यूके के सबसे बड़े डॉगिंग नेटवर्क बीटी TXTING बजरी में शामिल हों! Nt। ec2a। 31p.msg@150p
spam,आप चैट एसवीसी से कोई और अधिक एमएसजी आरसीवी नहीं करेंगे। मुफ्त कट्टर सेवाओं के लिए पाठ पर जाएं: 69988 यदि आपको कुछ भी नहीं मिलता है तो आपको yr नेटवर्क के साथ सत्यापित करना चाहिए और फिर से प्रयास करें
spam,"FREEMSG आपने मेरे पाठ का जवाब क्यों नहीं दिया? मैं रैंडी, सेक्सी, महिला हूं और स्थानीय रहती हूं। यू से सुनने के लिए लव। NetCollex Ltd 08700621170150p प्रति MSG उत्तर दें"
spam,ग्राहक सेवा एनोन्समेंट। आपके पास एक नए साल की डिलीवरी है जो आपके लिए इंतजार कर रही है। कृपया डिलीवरी की व्यवस्था करने के लिए अब 07046744435 पर कॉल करें
spam,आप एक विजेता हैं यू विशेष रूप से चुने गए हैं 2 £ 1000 नकद प्राप्त करें या 4* अवकाश (उड़ानें इंक) एक लाइव ऑपरेटर से बात करें 2 दावा 087127781081010
spam,-प्ल्स स्टॉप बूटीडेलियस (32/एफ) आपको उसका दोस्त बनने के लिए आमंत्रित कर रहा है। उत्तर हां -434 या NO-434 उसे देखें: www.sms.ac/u/bootydelious STOP? 62468 पर STOP FRND भेजें
spam,"BANGBABES आपका आदेश रास्ते में है। U को एक सेवा msg 2 डाउनलोड उर सामग्री प्राप्त करनी चाहिए। यदि आप नहीं करते हैं, तो वैप पर जाएं। बैंगब। उर मोबाइल इंटरनेट/सेवा मेनू पर टीवी"
spam,अति आवश्यक! हम आपसे संपर्क करने की कोशिश कर रहे हैं। पिछले सप्ताहांत ड्रॉ से पता चलता है कि आपने एक £ 900 पुरस्कार की गारंटी दी है। 09061701939 पर कॉल करें। दावा कोड S89। केवल 12hrs मान्य
spam,कृपया हमारे ग्राहक सेवा प्रतिनिधि को फ्रीफोन 0808 145 4742 पर 9 am-11pm के बीच कॉल करें क्योंकि आपने एक £ 1000 नकद या एक £ 5000 पुरस्कार जीता है!
spam,क्या आप काफी अद्वितीय हैं? 30 अगस्त से पता करें। www.areyouunique.co.uk
spam,"2004 से 500 नए मोबाइल, जाना चाहिए! TXT: NOKIA TO NO: 89545 और आज ही अपना इकट्ठा करें! केवल एक £ 1 www.4-tc.biz 2optout 087187262701.50GBP/MTMSG18 से"
spam,"क्या आप जल्द ही उर ड्रीम पार्टनर से मिलेंगे? क्या उर करियर 2 से एक फ्लाइंग स्टार्ट है? 2 मुफ्त का पता लगाएं, पाठ होरो के बाद उर स्टार साइन, ई। जी। होरो मेष राशि"
spam,पाठ और आज किसी सेक्सी से मिलें। यू एक तिथि पा सकता है या यहां तक ​​कि यू के लिए अपने ऊपर फ़्लर्ट कर सकता है। 4 सिर्फ 10 पी में शामिल हो सकता है। नाम और उम्र के साथ उत्तर जैसे कि सैम 25। 18 -MSG recd@तीस पेंस
spam,U 447801259231 में एक गुप्त प्रशंसक है जो 2 देख रहा है 2 यू-फिंड के साथ संपर्क करें जो वे आर*प्रकट करते हैं कि कौन सोचता है कि उर इतना विशेष-कॉल 09058094597 पर है।
spam,बधाई हो उर ने सीडी वाउचर या 125gift गारंटीकृत और मुफ्त प्रविष्टि 2 100 से सम्मानित किया 2 100 wkly ड्रा txt संगीत 87066 tncs www.ldew.com1win150ppmx3age16
spam,हमने आपको एक वीडियो हैंडसेट के हमारे प्रस्ताव के लिए अपने उत्तर से संपर्क करने की कोशिश की? 750 कभी भी नेटवर्क मिन्स? असीमित पाठ? CAMCORDER? उत्तर या अब 08000930705 पर कॉल करें
spam,"अरे, मैं वास्तव में सींग का बना हुआ हूं या मुझे नग्न पाठ को हॉट देखना चाहता हूं या 69698 पाठ को 150 बजे से चार्ज करने के लिए पाठ बंद कर दें"
spam,उर रिंगटोन सेवा बदल गई है! 25 मुफ्त क्रेडिट! अब सामग्री चुनने के लिए Club4mobiles.com पर जाएं! रुकना? TXT क्लब 87070 पर रोक।
spam,रिंगटोन क्लब: प्रत्येक सप्ताह अपने मोबाइल पर यूके एकल चार्ट प्राप्त करें और किसी भी शीर्ष गुणवत्ता वाले रिंगटोन चुनें! यह संदेश नि: शुल्क है।
spam,एचएमवी बोनस विशेष 500 पाउंड वास्तविक एचएमवी वाउचर जीता जा सकता है। बस 4 आसान सवालों के जवाब दें। अब खेलते हैं! HMV को 86688 पर भेजें अधिक जानकारी: www.100percent-real.com
spam,टी-मोबाइल ग्राहक अब आप अपने नि: शुल्क कैमरा फोन अपग्रेड और एक पे एंड गो सिम कार्ड का दावा कर सकते हैं। 0845 021 3680 पर कॉल करें
spam,"एसएमएस। एसी ब्लाइंड डेट 4U!: रोड्स 1 एबरडीन, यूनाइटेड किंगडम से 21/मीटर है। उसे http: // img की जाँच करें। एसएमएस। ac/w/icmb3cktz8r7! -4 कोई अंधा दिनांक नहीं भेजें"
spam,"Themob> सामग्री, खेल, टन, गपशप, लड़कियों और खेल के हमारे नवीनतम चयन की जाँच करें, अपने मोबाइल फिट और कायरता पाठ वैप को 82468 पर रखें"
spam,"उर स्मार्ट लगता है? हमारे साप्ताहिक क्विज़ में इस सप्ताह £ 200 जीतें, 85222 पर पाठ प्ले! T & CS विजेताक्लब PO बॉक्स 84, M26 3UZ। 16+। GBP1.50/सप्ताह"
spam,केवल दिसंबर! क्या आपका मोबाइल 11mths+था? आप मुफ्त में नवीनतम रंग कैमरा मोबाइल को अपडेट करने के हकदार हैं! 08002986906 पर मोबाइल अपडेट सह मुफ्त कॉल करें
spam,जर्मनी को केवल 1 पेंस प्रति मिनट के लिए कॉल करें! एक्सेस नंबर 0844 861 85 85 के माध्यम से एक निश्चित लाइन से कॉल करें। कोई पूर्व भुगतान नहीं। सीधी पहुंच!
spam,वैलेंटाइन डे विशेष! हमारे क्विज़ में of £ 1000 से अधिक जीतें और अपने साथी को जीवन भर की यात्रा पर ले जाएं! अब 83600 पर जाएं। 150p/msg rcvd। CustCare: 08718720201।
spam,फैंसी एक शग? मैं करता हूँ? sextextuk.com txt xxuk suzy पर 69876। TXTS की लागत 1.50 प्रति MSG है। वेबसाइट पर TNCs। एक्स
spam,बधाई हो उर ने सीडी वाउचर या 125gift गारंटीकृत और मुफ्त प्रविष्टि 2 100 से सम्मानित किया 2 100 wkly ड्रा txt संगीत 87066 tncs www.ldew.com1win150ppmx3age16
spam,उर कैश-बैलेंस वर्तमान में 500 पाउंड है-उर कैश-इन को अधिकतम करने के लिए अब 86688 केवल 150p/msg पर नकद भेजें। CC: 08708800282 HG/SUITE342/2LANDS ROW/W1J6HL
spam,"UPDATE_NOW - क्रिसमस की पेशकश! नवीनतम मोटोरोला, सोनीरिक्सन और नोकिया और फ्री ब्लूटूथ! नारंगी पर डबल मिनट और 1000 txt। 08000839402 या Call2optout/f4q = पर MobileupD8 पर कॉल करें"
spam,यहाँ आपका डिस्काउंट कोड RP176781 है। आगे के संदेशों को रोकने के लिए उत्तर रोकें। www.regalportfolio.co.uk। ग्राहक सेवा 08717205546
spam,"आपके रिंगटोन ऑर्डर के लिए धन्यवाद, संदर्भ T91। आपसे प्रति सप्ताह GBP 4 चार्ज किया जाएगा। आप 09057039994 पर ग्राहक सेवाओं को कॉल करके कभी भी सदस्यता समाप्त कर सकते हैं"
spam,"नारंगी पर डबल मिनट और TXTS 4 6 महीने का मुक्त ब्लूटूथ। सोनी, नोकिया मोटोरोला फोन पर उपलब्ध है। 08000839402 या Call2optout/n9dx पर MobileupD8 पर कॉल करें"
spam,4mths आधा मूल्य ऑरेंज लाइन किराये और नवीनतम कैमरा फोन 4 मुफ्त। क्या आपका फोन 11mths था? अब अपडेट करने के लिए 08000938767 पर MobilesDirect मुफ्त कॉल करें! or2stoptxt
spam,"एक पॉली या टेक्स्ट के लिए 87131 के लिए फ्री रिंगटोन टेक्स्ट पहले 87131 के लिए एक सच्चे टोन के लिए 87131 तक पहुंचें! मदद करना? 0845 2814032 16 1 फ्री के बाद, टोन 3xâ £ 150pw से eâ £ nd txt स्टॉप हैं"
spam,100 डेटिंग सेवा CAL; L 09064012103 BOX334SK38CH
spam,हमारे oll £ 250 साप्ताहिक प्रतियोगिता में नि: शुल्क प्रवेश केवल 80086 के लिए शब्द जीत को पाठ करें। 18 T & C www.txttowin.co.uk
spam,एक लोगो 2 उर प्रेमी भेजें - 2 नाम एक दिल से जुड़ गए। Txt प्यार name1 name2 mobno जैसे प्यार एडम ईव 07123456789 से 87077 याहू! POBOX36504W45WQ TXTNO 4 कोई ADS 150P नहीं
spam,किसी ने हमारी डेटिंग सेवा से संपर्क किया है और आपके फोन में प्रवेश किया है क्योंकि वे आपको पसंद करते हैं! यह पता लगाने के लिए कि यह एक लैंडलाइन 09111032124 से किसे कॉल है। POBOX12N146TF150p
spam,अति आवश्यक! आपका मोबाइल नंबर एक £ 2000 पुरस्कार की गारंटी से सम्मानित किया गया है। लैंड लाइन से 09058094455 पर कॉल करें। दावा 3030। केवल 12hrs मान्य
spam,बधाई! Nokia 3650 वीडियो कैमरा फोन आपका कॉल है 09066382422 कॉल COST COST 150PPM AVE कॉल 3mins मोबाइल्स से अलग -अलग हैं 16+ क्लोज 300603 पोस्ट BCM4284 LDN WC1N3XX
spam,"किसी भी उद्देश्य के लिए ऋण on £ 500 - of £ 75,000। गृहस्वामी + किरायेदारों का स्वागत है। क्या आपको पहले मना कर दिया गया है? हम अभी भी मदद कर सकते हैं। मुफ्त 0800 1956669 या पाठ वापस 'सहायता' पर कॉल करें"
spam,"अपग्रेडेंट ऑरेंज ग्राहक, अब आप अपनी निष्ठा के लिए अपने मुफ्त कैमरा फोन अपग्रेड का दावा कर सकते हैं। अब 0207 153 9153 पर कॉल करें। प्रस्ताव 26 जुलाई को समाप्त होता है। T & C का आवेदन। ऑप्ट-आउट उपलब्ध"
spam,OKMAIL: प्रिय डेव यह आपका अंतिम नोटिस है जो आपके 4* टेनेरिफ़ हॉलिडे या #5000 कैश अवार्ड को इकट्ठा करता है! लैंडलाइन से 09061743806 पर कॉल करें। TCS SAE BOX326 CW25WX 150PPM
spam,आज रात 2 बिछाने के लिए चाहते हैं? असली डॉगिंग स्थानों को प्रत्यक्ष 2 उर भीड़ भेजना चाहते हैं? 69888 NYT के लिए टेक्सटिंग का मतलब टेक्स्टिंग द्वारा यूके के सबसे बड़े डॉगिंग नेटवर्क में शामिल हों। ec2a। 31p.msg@150p
spam,"नि: शुल्क संदेश अपने 500 मुफ्त पाठ संदेशों को इस संदेश का जवाब देकर नियमों और शर्तों के लिए मुफ्त शब्द के साथ सक्रिय करें, www.07781482378.com पर जाएं"
spam,"बधाई! 2 के लिए 1 साल का विशेष सिनेमा पास आपका है। अब 09061209465 पर कॉल करें! सी सुपरमैन वी, मैट्रिक्स 3, स्टार वार्स 3, आदि सभी 4 मुक्त! BX420-IP4-5WE। 150pm। याद नहीं है!"
