v1,v2
ham,జురాంగ్ పాయింట్ వరకు వెళ్లండి పిచ్చి.. బుగిస్ మరియు గ్రేట్ వరల్డ్ లో మాత్రమే లభ్యం అవుతుంది... అక్కడ సినిమాకి మరింత క్రేజ్ వచ్చింది...
ham,సరే... సరదాగా విఫ్ యు ఓనీ...
spam,21 మే 2005న జరిగిన FA కప్ ఫైనల్ మ్యాచ్ లను గెలుచుకోవడానికి 2 వారాల కాంప్ లో ఉచిత ప్రవేశం. ఎంట్రీ క్వశ్చన్ (std txt రేటు) పొందడం కొరకు టెక్స్ట్ FA నుంచి 87121కు అప్లై చేయండి T&C యొక్క అప్లికేషన్ 0845281007518
spam,21 మే 2005న జరిగిన FA కప్ ఫైనల్ మ్యాచ్ లను గెలుచుకోవడానికి 2 వారాల కాంప్ లో ఉచిత ప్రవేశం. ఎంట్రీ క్వశ్చన్ (std txt రేటు) పొందడం కొరకు టెక్స్ట్ FA నుంచి 87121కు అప్లై చేయండి T&C యొక్క అప్లికేషన్ 0845281007518
ham,"లేదు, అతను యుఎస్ఎఫ్ కు వెళ్తాడని నేను అనుకోను, అతను ఇక్కడ నివసిస్తున్నాడు"
spam,"ఫ్రీఎంగ్ హేయ్ డార్లింగ్ ఇది జరిగి 3 వారాలు అయింది మరియు తిరిగి మాట రాలేదు! నేను ఇంకా దాని కోసం కొంత సరదాగా ఉండాలనుకుంటున్నాను? టీబీ ఓకే! XxX std chgs పంపడానికి, £1.50 to rcv"
spam,"ఫ్రీఎంగ్ హేయ్ డార్లింగ్ ఇది జరిగి 3 వారాలు అయింది మరియు తిరిగి మాట రాలేదు! నేను ఇంకా దాని కోసం కొంత సరదాగా ఉండాలనుకుంటున్నాను? టీబీ ఓకే! XxX std chgs పంపడానికి, £1.50 to rcv"
ham,మీ అభ్యర్థన మేరకు 'మెల్లె మెల్లె (ఒరు మిన్నమినుంగింటే నురుంగు వేటమ్)' కాలర్స్ అందరికీ మీ కాలర్ట్యూన్ గా సెట్ చేయబడింది. మీ స్నేహితులు కాలర్ ట్యూన్ ను కాపీ చేయడానికి *9 నొక్కండి
spam,విజేత!! ఒక విలువైన నెట్ వర్క్ కస్టమర్ గా మీరు £900 ప్రైజ్ రివార్డును అందుకోవడానికి ఎంపిక చేయబడ్డారు! కాల్ 09061701461 క్లెయిమ్ చేసుకోవాలంటే.. క్లెయిమ్ కోడ్ KL341. 12 గంటలు మాత్రమే చెల్లుబాటు అవుతుంది.
spam,విజేత!! ఒక విలువైన నెట్ వర్క్ కస్టమర్ గా మీరు £900 ప్రైజ్ రివార్డును అందుకోవడానికి ఎంపిక చేయబడ్డారు! కాల్ 09061701461 క్లెయిమ్ చేసుకోవాలంటే.. క్లెయిమ్ కోడ్ KL341. 12 గంటలు మాత్రమే చెల్లుబాటు అవుతుంది.
spam,మీ మొబైల్ 11 నెలలు లేదా అంతకంటే ఎక్కువ ఉందా? కెమెరాతో లేటెస్ట్ కలర్ మొబైల్స్ ని ఉచితంగా అప్ డేట్ చేసుకునే హక్కు యుఆర్ కు ఉంది! మొబైల్ అప్ డేట్ కోకు ఉచితంగా కాల్ 08002986030
spam,మీ మొబైల్ 11 నెలలు లేదా అంతకంటే ఎక్కువ ఉందా? కెమెరాతో లేటెస్ట్ కలర్ మొబైల్స్ ని ఉచితంగా అప్ డేట్ చేసుకునే హక్కు యుఆర్ కు ఉంది! మొబైల్ అప్ డేట్ కోకు ఉచితంగా కాల్ 08002986030
spam,"క్యాష్ గెలిచేందుకు ఆరు అవకాశాలు! 100 నుండి 20,000 పౌండ్ల టిఎక్స్ టి> సిఎస్హెచ్ 11 మరియు 87575 కు పంపండి. ఖర్చు 150p/రోజు, 6 రోజులు, 16+ TsandC లు రిప్లై HL 4 సమాచారాన్ని అప్లై చేస్తాయి"
spam,"క్యాష్ గెలిచేందుకు ఆరు అవకాశాలు! 100 నుండి 20,000 పౌండ్ల టిఎక్స్ టి> సిఎస్హెచ్ 11 మరియు 87575 కు పంపండి. ఖర్చు 150p/రోజు, 6 రోజులు, 16+ TsandC లు రిప్లై HL 4 సమాచారాన్ని అప్లై చేస్తాయి"
spam,"అత్యవసరం! మా £100,000 ప్రైజ్ జాక్ పాట్ లో మీరు 1 వారం ఉచిత సభ్యత్వాన్ని గెలుచుకున్నారు! Txt word: క్లెయిమ్ టు నెంబరు: 81010 T&C www.dbuk.net LCCLTD POBOX 4403LDNW1A7RW18"
spam,"అత్యవసరం! మా £100,000 ప్రైజ్ జాక్ పాట్ లో మీరు 1 వారం ఉచిత సభ్యత్వాన్ని గెలుచుకున్నారు! Txt word: క్లెయిమ్ టు నెంబరు: 81010 T&C www.dbuk.net LCCLTD POBOX 4403LDNW1A7RW18"
ham,వీలునామాతో నాకు ఆదివారం తేదీ ఉంది!!
spam,"XXXMobileMovieClub: మీ క్రెడిట్ ఉపయోగించడానికి, తదుపరి txt సందేశంలోని WAP లింక్ మీద క్లిక్ చేయండి లేదా ఇక్కడ క్లిక్ చేయండి>> http://wap. xxxmobilemovieclub.com?n=QJKGIGHJJGCBL"
spam,"XXXMobileMovieClub: మీ క్రెడిట్ ఉపయోగించడానికి, తదుపరి txt సందేశంలోని WAP లింక్ మీద క్లిక్ చేయండి లేదా ఇక్కడ క్లిక్ చేయండి>> http://wap. xxxmobilemovieclub.com?n=QJKGIGHJJGCBL"
ham,2 అతని పేరును ఎలా ఉచ్చరించాడో గుర్తుందా... అవును నేను చేసాను. అతను తడిగా ఉండే వరకు అల్లరి చేస్తాడు.
ham,మీకు అలా అనిపిస్తే ఫర్వాలేదు. అది గోటా బి యొక్క విధానం.
spam,"ఇంగ్లాండ్ వర్సెస్ మాసిడోనియా - గోల్స్/టీమ్ వార్తలను మిస్ కావద్దు. మీ జాతీయ జట్టును 87077కు జోడించండి ఉదా: ఇంగ్లాండ్ నుండి 87077 ప్రయత్నించండి: వేల్స్, స్కాట్లాండ్ 4txt/Ì1/41.20 POBOXox36504W45WQ 16+"
spam,"ఇంగ్లాండ్ వర్సెస్ మాసిడోనియా - గోల్స్/టీమ్ వార్తలను మిస్ కావద్దు. మీ జాతీయ జట్టును 87077కు జోడించండి ఉదా: ఇంగ్లాండ్ నుండి 87077 ప్రయత్నించండి: వేల్స్, స్కాట్లాండ్ 4txt/Ì1/41.20 POBOXox36504W45WQ 16+"
ham,"నేను ÷ 2 నెలలు ప్రయత్నించబోతున్నాను, కేవలం జోక్ మాత్రమే"
ham,కాబట్టి Ì_ ముందుగా చెల్లించండి... మరి డీఏ స్టాక్ ఎప్పుడు...
ham,మధ్యాహ్న భోజనం ముగించుకుని కిందకు వెళ్లిపోయాను. Ard 3 smth lor. మీరు మీ భోజనాన్ని ఇప్పటికే పూర్తి చేశారా?
ham,"ఎఫ్ ఎఫ్. సరే, నేను మిమ్మల్ని త్వరగా కలిసే మార్గం లేదా?"
ham,నన్ను బలవంతంగా ఒక ముక్క తినమని బలవంతం చేశారు. నాకు నిజంగా ఆకలిగా లేదు. ఇది చప్పరిస్తుంది. మార్క్ కంగారు పడుతున్నాడు. నేను పిజ్జాను తిరస్కరించినప్పుడు నేను అనారోగ్యంతో ఉన్నానని అతనికి తెలుసు. Lol
ham,మీరు ఎల్లప్పుడూ చాలా నమ్మదగినవారు.
ham,మీరు బస్సును పట్టుకున్నారా ? మీరు గుడ్డు వేయించారా ? మీరు టీ తయారు చేశారా? మీరు మీ అమ్మకు మిగిలిపోయిన డిన్నర్ తింటున్నారా ? నా ప్రేమను మీరు అనుభవిస్తున్నారా ?
ham,"నేను తిరిగి వచ్చాను మరియు మేము ఇప్పుడు కారును ప్యాక్ చేస్తున్నాము, స్థలం ఉంటే నేను మీకు తెలియజేస్తాను"
ham,ఆహా. పని. అది నాకు అస్పష్టంగా గుర్తుంది! ఇది ఎలా అనిపిస్తుంది? Lol
ham,"వేచి ఉండండి, నేను వ్యంగ్యంగా మాట్లాడుతున్నానని మీకు ఖచ్చితంగా తెలియదా లేదా అందుకే X మాతో జీవించడానికి ఇష్టపడటం లేదు"
ham,అవును అతను 2 గంటలకు లోపలికి వచ్చాడు మరియు వి క్షమాపణలు చెప్పాడు. ఆమె చెడిపోయిన పిల్లాడిలా నటించింది మరియు అతను దానిలో చిక్కుకున్నాడు. 2 వరకు! కానీ మేం అక్కడికి వెళ్లం! మరీ చెత్తగా చప్పట్లు కొట్టడం లేదు. మీరు? 
ham,కె మీ గురించి ఏదైనా చెప్పండి.
ham,మీరు చేసిన ఇంటిపనితో స్పృహతప్పి పడిపోతామనే భయంతోనా? త్వరగా కప్పు తీసుకోండి
spam,"రింగ్ టోన్ UKకు మీ సబ్ స్క్రిప్షన్ కు ధన్యవాదాలు, మీ మొబైల్ నెలకు £5 ఛార్జ్ చేయబడుతుంది, అవును లేదా కాదు అని సమాధానం ఇవ్వడం ద్వారా దయచేసి ధృవీకరించండి. ఒకవేళ మీరు లేదు అని సమాధానం ఇచ్చినట్లయితే, మీ నుంచి ఛార్జీలు వసూలు చేయబడవు."
spam,"రింగ్ టోన్ UKకు మీ సబ్ స్క్రిప్షన్ కు ధన్యవాదాలు, మీ మొబైల్ నెలకు £5 ఛార్జ్ చేయబడుతుంది, అవును లేదా కాదు అని సమాధానం ఇవ్వడం ద్వారా దయచేసి ధృవీకరించండి. ఒకవేళ మీరు లేదు అని సమాధానం ఇచ్చినట్లయితే, మీ నుంచి ఛార్జీలు వసూలు చేయబడవు."
ham,"అయ్యో, నా రూమ్ మేట్ పూర్తయిన తర్వాత మీకు తెలియజేస్తాను"
ham,నేను నా కారుపై B అనే అక్షరాన్ని చూశాను
ham,ఏదైనా సరే... మీరే నిర్ణయించుకోండి...
ham,హలో! మీరు ఎలా ఉన్నారు మరియు శనివారం ఎలా గడిచింది? మీరు ఏదైనా చేయాలని నిర్ణయించుకున్నారా అని నేను మెసేజ్ చేస్తున్నాను. నన్ను నేను ఆహ్వానించుకోవడానికి ప్రయత్నిస్తున్నానని కాదు!
ham,దయచేసి వాట్స్ తో ముందుకు సాగండి. నేను ఖచ్చితంగా ఉండాలనుకున్నాను. మంచి వీకెండ్ ఉంటుంది. Abiola
ham,"నేను మీకు చెప్పడం మర్చిపోయానా ? నాకు నువ్వు కావాలి, నాకు నువ్వు కావాలి, నేను నిన్ను కోరుకుంటాను ... కానీ అన్నింటికీ మించి... ఐ లవ్ యూ మై స్వీట్ అరేబియన్ గుర్రం ... మ్మ్మ్మ్... రుచికరమైనది"
spam,07732584351 - రాడ్జర్ బర్న్స్ - ఎంఎస్ జి = ఉచిత నోకియా మొబైల్ + ఉచిత క్యామ్ కార్డర్ కోసం మా ఎస్ఎంఎస్ కు మీ సమాధానానికి మీకు కాల్ చేయడానికి మేము ప్రయత్నించాము. రేపు డెలివరీ కొరకు దయచేసి ఇప్పుడు 08000930705 కు కాల్ చేయండి
spam,07732584351 - రాడ్జర్ బర్న్స్ - ఎంఎస్ జి = ఉచిత నోకియా మొబైల్ + ఉచిత క్యామ్ కార్డర్ కోసం మా ఎస్ఎంఎస్ కు మీ సమాధానానికి మీకు కాల్ చేయడానికి మేము ప్రయత్నించాము. రేపు డెలివరీ కొరకు దయచేసి ఇప్పుడు 08000930705 కు కాల్ చేయండి
ham,గొప్ప! మీ మనిషి మీకు బాగా నచ్చుతారని ఆశిస్తున్నాను. నేను &lt; #&gt; అంగుళాలు...
ham,నో కాల్స్.. సందేశాలు.. మిస్డ్ కాల్స్
ham,నైజీరియాలో హెప్ బి వ్యాక్సిన్ రాలేదా.
ham,"న్యాయం, ఏదైనా జరుగుతోందా?"
ham,"అవును, టైలర్ చేయలేకపోతే నేను కొంచెం అడగగలను"
ham,నేనెంత మొండివాడినో నీకు తెలియదు. ఆసుపత్రికి వెళ్లడం కూడా నాకు ఇష్టం లేదు. నేను బలహీనుడిని కాదని మార్క్ కు చెబుతూనే ఉన్నాను. ఆస్పత్రులు బలహీనుల కోసమే.
ham,మీరు నా గురించి ఏమనుకున్నారు. మీరు నన్ను మొదటిసారి క్లాసులో చూశారు.
ham,"ఒక గ్రాము సాధారణంగా &lt;#&gt; లాగా నడుస్తుంది, అర ఎనిమిదవ వంతు తెలివైనది మరియు &lt;#&gt;"
ham,"రేపు ఉదయాన్నే కె ఫై ఎక్స్ కు రైడ్ ఉంది, కానీ అతను ఈ రాత్రి మా ప్రదేశంలో కూలిపోతున్నాడు"
ham,"వావ్. నీ సహవాసాలకు నువ్వు ఇంతగా ఇబ్బంది పడుతున్నావని నేనెప్పుడూ ఊహించలేదు. నీకు నచ్చిందని అనుకున్నాను, ఎందుకంటే నేను చేయగలిగినంత చేస్తున్నాను మరియు మీరు ఎల్లప్పుడూ ""గుహ"" గురించి చాలా సంతోషంగా కనిపించారు. క్షమించండి, నేను ఇవ్వలేదు మరియు ఇవ్వడానికి ఎక్కువ లేదు. నన్ను క్షమించండి. క్షమించండి, మీ గది చాలా ఇబ్బందికరంగా ఉంది."""
spam,ఎస్ఎంఎస్.. ac Sptv: న్యూజెర్సీ డెవిల్స్ మరియు డెట్రాయిట్ రెడ్ వింగ్స్ ఐస్ హాకీ ఆడతాయి. కరెక్టా లేదా తప్పునా? ముగించు? రిప్లై ఎండ్ SPTV
spam,ఎస్ఎంఎస్.. ac Sptv: న్యూజెర్సీ డెవిల్స్ మరియు డెట్రాయిట్ రెడ్ వింగ్స్ ఐస్ హాకీ ఆడతాయి. కరెక్టా లేదా తప్పునా? ముగించు? రిప్లై ఎండ్ SPTV
spam,"కంగ్రాట్స్! 2 కోసం 1 సంవత్సరం స్పెషల్ సినిమా పాస్ మీది. ఇప్పుడే 09061209465! సి సుప్రమన్ వి, మ్యాట్రిక్స్ 3, స్టార్ వార్స్ 3, మొదలైనవి అన్నీ 4 ఉచితం! bx420-ip4-5we. మధ్యాహ్నం 150 గంటలకు.. మిస్ అవ్వకండి! "
spam,"కంగ్రాట్స్! 2 కోసం 1 సంవత్సరం స్పెషల్ సినిమా పాస్ మీది. ఇప్పుడే 09061209465! సి సుప్రమన్ వి, మ్యాట్రిక్స్ 3, స్టార్ వార్స్ 3, మొదలైనవి అన్నీ 4 ఉచితం! bx420-ip4-5we. మధ్యాహ్నం 150 గంటలకు.. మిస్ అవ్వకండి! "
ham,మీరు ఎక్కడకు చేరుకున్నారో చెప్పండి
ham,"అవును.. వన్డే సిరీస్ నుంచి గౌతమ్, సెహ్వాగ్ ఔట్.."
ham,మీరు ఇంటికి వెళ్ళేటప్పుడు మీ కోసం $ 1 బర్గర్ తీసుకోవాలి. నేను కదలలేను. నొప్పి నన్ను చంపేస్తోంది.
ham,హా హా మంచి జోక్. అమ్మాయిలు పరిస్థితిని వెతుక్కునే వారు.
ham,ఐక్యూను చెక్ చేయడంలో ఇది ఒక భాగం.
ham,"క్షమించండి, నా రూమ్ మేట్స్ ఎప్పటికీ తీసుకున్నారు, నేను ఇప్పుడే వస్తే సరేనా?"
ham,"సరే, హెయిర్ డ్రెస్సర్ ని నేను డబుల్ చెక్ చేస్తాను, అతను ఇప్పటికే వున్ కట్ వి షార్ట్ అని చెప్పాడు. అందంగా కనిపించే వరకు కట్ చేస్తానని చెప్పాడు."
spam,"ఒక విలువైన కస్టమర్ గా, మీ Mob No యొక్క ఇటీవలి సమీక్షను అనుసరించి మీకు సలహా ఇవ్వడానికి నేను సంతోషిస్తున్నాను. మీకు £1500 బోనస్ ప్రైజ్ ఇవ్వబడుతుంది, కాల్ 09066364589"
spam,"ఒక విలువైన కస్టమర్ గా, మీ Mob No యొక్క ఇటీవలి సమీక్షను అనుసరించి మీకు సలహా ఇవ్వడానికి నేను సంతోషిస్తున్నాను. మీకు £1500 బోనస్ ప్రైజ్ ఇవ్వబడుతుంది, కాల్ 09066364589"
spam,"అర్జెంట్ UR యూరోడిసిన్క్ ట్రావ్, Aco&Entry41 లేదా £1000కు కాంప్లిమెంటరీ ట్రిప్ ఇచ్చింది. Txt DISను 87121 18+6*కు మరియు £1.50 (మరింతFrmMob)కు క్లెయిమ్ చేయడానికి. ShrAcomOrSglSuplt)10, LS1 3AJ"
spam,"అర్జెంట్ UR యూరోడిసిన్క్ ట్రావ్, Aco&Entry41 లేదా £1000కు కాంప్లిమెంటరీ ట్రిప్ ఇచ్చింది. Txt DISను 87121 18+6*కు మరియు £1.50 (మరింతFrmMob)కు క్లెయిమ్ చేయడానికి. ShrAcomOrSglSuplt)10, LS1 3AJ"
spam,"కొత్త ""విడాకుల బార్బీ"" గురించి మీరు విన్నారా? ఇది కెన్ యొక్క అన్ని వస్తువులతో వస్తుంది!"""
spam,"కొత్త ""విడాకుల బార్బీ"" గురించి మీరు విన్నారా? ఇది కెన్ యొక్క అన్ని వస్తువులతో వస్తుంది!"""
ham,వాహ్ లక్కీ మ్యాన్... అప్పుడు డబ్బు ఆదా చేసుకోవచ్చు... హీ...
ham,క్లాసు పూర్తయిన మీరు ఎక్కడ ఉన్నారు.
ham,హాయ్ బేబీ నేను ఇంట్లో ఉన్నాను ఇప్పుడు ఏదైనా చేయాలనుకుంటున్నారా? XX
ham,K.. కె:) మీరు ఎక్కడ ఉన్నారు?మీరు ఎలా నటించారు?
ham,మీరు ఇప్పుడు నాకు కాల్ చేయవచ్చు...
ham,నేను వెయిట్ చేస్తున్నాను మచాన్. ఖాళీ అయ్యాక నాకు కాల్ చేయండి.
ham,చాలా బాగుంది. నేను పెద్దమనిషిని మరియు మిమ్మల్ని హుందాగా మరియు గౌరవంగా చూస్తాను.
ham,మీరంటే నాకు చాలా ఇష్టం:) కానీ చాలా సిగ్గుపడుతున్నాను.
ham,&lt;#&gt; లేదా దేని తరువాత పనిచేయదు
ham,ఇక్కడ కూడా అలా కాదు. ఇంకా ఉద్యోగం కోసం వెతుకుతున్నారు. అక్కడ తా ఎంత సంపాదిస్తారు.
ham,"క్షమించండి, నేను తరువాత కాల్ చేస్తాను"
ham,K. ఇప్పుడే నన్ను పిలిచావా? 
ham,సరే నేను ఇంటికి వెళ్తున్నాను హాయ్ హాయ్
ham,ఆ మనిషి స్థానంలో నువ్వు ఉంటావు.
ham,అవును నెక్ట్స్ స్టాప్.
ham,"నేను తరువాత మీకు కాల్ చేస్తాను, నెట్ వర్క్ లేదు. కావాలంటే నాకు ఎస్ఎంఎస్ చేయండి."
ham,మీరు యోలోకి వచ్చినప్పుడు నిజంగా? నాకు మరో 2 టిక్కెట్లు మరియు మరో జాకెట్ మాత్రమే అవసరం మరియు నేను పూర్తి చేశాను. నేను ఇప్పటికే నా మల్టీస్ అన్నీ ఉపయోగించాను.
ham,"అవును నేను దానిని చేయడానికి అభ్యర్థనలు పంపడం ప్రారంభించాను, కానీ నొప్పి తిరిగి వచ్చింది కాబట్టి నేను తిరిగి మంచం మీద ఉన్నాను. ఫ్యాక్టరీలో డబుల్ కాయిన్లు కూడా.. నా అన్ని నైట్రోలలో నేను క్యాష్ చేసుకోవాలి."
ham,ఈ రాత్రి నేను ఇంకా దానిని తట్టుకోలేను బాబూ
ham,"ఎలా కానో.,డౌన్లోడ్ చేసుకోండి, రండి మీ ఫ్రీ.."
ham,అవును చేయండి! ÷ దగ్గరగా నిలబడకండి- మీరు ఏదో పట్టుకుంటారు÷
ham,"నొప్పిగా ఉన్నందుకు క్షమించండి. మరో రాత్రి కలుసుకుంటే ఓకేనా? నేను మధ్యాహ్నం క్యాజువాలిటీలో గడిపాను, అంటే నేను ఏ పని చేయలేదు మరియు నా అన్ని టైమ్ షీట్లు మరియు అది ఉన్నాయి. క్షమించండి. "
ham,ఆనందంలో చిరునవ్వు బాధలో చిరునవ్వు వర్షం చిరునవ్వు వంటి సమస్యలు వచ్చినప్పుడు చిరునవ్వు మిమ్మల్ని బాధపెడుతుంది ఎందుకంటే ఎవరైనా మిమ్మల్ని చిరునవ్వుతో చూడటానికి ఇష్టపడతారు!!
spam,"దయచేసి 0800 169 6031 వద్ద ఉదయం 10-9 గంటల మధ్య మా కస్టమర్ సర్వీస్ రిప్రజెంటేటివ్ కు కాల్ చేయండి, ఎందుకంటే మీరు £1000 నగదు లేదా £5000 బహుమతిని గెలుచుకున్నారు."
spam,"దయచేసి 0800 169 6031 వద్ద ఉదయం 10-9 గంటల మధ్య మా కస్టమర్ సర్వీస్ రిప్రజెంటేటివ్ కు కాల్ చేయండి, ఎందుకంటే మీరు £1000 నగదు లేదా £5000 బహుమతిని గెలుచుకున్నారు."
spam,"మీ ఉచిత రింగ్ టోన్ సేకరించడానికి వేచి ఉంది. ధృవీకరించడానికి పాస్ వర్డ్ \MIX\"" ను 85069 కు టెక్స్ట్ చేయండి. గెట్ అషర్ మరియు బ్రిట్నీ. FML"
spam,"మీ ఉచిత రింగ్ టోన్ సేకరించడానికి వేచి ఉంది. ధృవీకరించడానికి పాస్ వర్డ్ \MIX\"" ను 85069 కు టెక్స్ట్ చేయండి. గెట్ అషర్ మరియు బ్రిట్నీ. FML"
ham,అలాగా. మేము పూర్తి చేసిన తరువాత మేము చెల్లించడానికి చాలా రుణాలు ఉన్నాయి
ham,"హాయ్. ఇప్పుడు బాగానే ఉంది - ఇప్పుడే! అవును కొంచెం పరుగు కోసం. నాలుగు గంటలకు హెయిర్ స్టయిలర్స్ అపాయింట్మెంట్ ఉందని మర్చిపోయాను కాబట్టి ముందుగానే ఇంటికి వెళ్లి స్నానం చేయాలి. అది మీకు ప్రోబ్ కలిగిస్తుందా?\""హమ్"""
ham,దయచేసి ఇకపై నాకు మెసేజ్ చేయకండి. నేను చెప్పడానికి ఏమీ లేదు.
ham,సరే మీ ధర చట్టబద్ధంగా ఉన్నంత వరకు దాని పేరు చెప్పండి! నేను వాటిని తీసుకోవచ్చా? Y u ave x ams xx
ham,నేను ఇంకా కొనడానికి కారు కోసం చూస్తున్నాను. ఇంకా డ్రైవింగ్ టెస్ట్ కు వెళ్లలేదు.
ham,మీ అభ్యర్థన మేరకు 'మెల్లె మెల్లె (ఒరు మిన్నమినుంగింటే నురుంగు వేటమ్)' కాలర్స్ అందరికీ మీ కాలర్ట్యూన్ గా సెట్ చేయబడింది. మీ స్నేహితులు కాలర్ ట్యూన్ ను కాపీ చేయడానికి *9 నొక్కండి
ham,"వావ్. మీరు సరిగ్గా చెప్పారు! నేను అలా చేయాలనుకోలేదు. బోస్టన్ పురుషులను వదిలేసి, నా సెర్చ్ లొకేషన్ ను ఎన్ వైసీగా మార్చిన తర్వాత, ఏదో మార్పు వచ్చిందని నేను అనుకుంటున్నాను. నా సైన్ ఇన్ పేజీలో ఇప్పటికీ బోస్టన్ అని ఉంది."
ham,ఉమ్మా మై లైఫ్ అండ్ వావా ఉమా లవ్ యూ చాలా డియర్
ham,నా పుట్టినరోజు సందర్భంగా మీ శుభాకాంక్షలకు ధన్యవాదాలు. నా పుట్టినరోజును నిజంగా చిరస్మరణీయం చేసినందుకు ధన్యవాదాలు.
ham,"అయ్యో, నాకు కొంత డబ్బు వచ్చినప్పుడు నేను మిమ్మల్ని కొడతాను"
ham,నా కంప్యూటర్ ను మైన్ క్రాఫ్ట్ సర్వర్ గా పరిగణించడం ఎలా అని నా ఐపి అడ్రస్ టెస్ట్ ఎలా అవుతుంది
ham,నాకు తెలుసు! మతిస్థిమితం లేని వృద్ధులు.. అబద్ధం చెప్పకపోవడమే మంచిదని మా అమ్మ నీలా ఉండేది. మళ్లీ నేనెప్పుడూ జోకులు వేస్తూనే ఉంటాను...
ham,కంగారు పడకండి. అతను బిజీగా ఉన్నాడని నేను అనుకుంటున్నాను.
ham,నామవాచక పరిశోధన యొక్క బహువచనం ఏమిటి?
ham,ఆ తర్వాత dinner.msg కోసం వెళ్తున్నాను.
ham,నేను బాగానే ఉన్నాను ఎందుకంటే నేను 2 కొత్త విషయాలను ప్రయత్నించడానికి ఇష్టపడతాను. కానీ మావలె నిన్ను భయపెట్టాను. కాస్సు మరీ బిగ్గరగా చెప్పలేదు.
spam,జెంట్! మేము మిమ్మల్ని సంప్రదించడానికి ప్రయత్నిస్తున్నాము. గత వారాంతపు డ్రాలో మీరు £1000 ప్రైజ్ గ్యారంటీని గెలుచుకున్నారని చూపిస్తుంది. 09064012160 కు కాల్ చేయండి. క్లెయిమ్ కోడ్ K52. చెల్లుబాటు అయ్యేది 12 గంటలు మాత్రమే. 150ppm
spam,జెంట్! మేము మిమ్మల్ని సంప్రదించడానికి ప్రయత్నిస్తున్నాము. గత వారాంతపు డ్రాలో మీరు £1000 ప్రైజ్ గ్యారంటీని గెలుచుకున్నారని చూపిస్తుంది. 09064012160 కు కాల్ చేయండి. క్లెయిమ్ కోడ్ K52. చెల్లుబాటు అయ్యేది 12 గంటలు మాత్రమే. 150ppm
ham,నేను నా క్యాబిన్ లోకి ప్రవేశించగానే మా పీఏ 'హ్యాపీ బీ డే బాస్..' అన్నారు. నాకు స్పెషల్ గా అనిపించింది. ఆమె నన్ను 4 లంచ్ అడిగింది. లంచ్ అయ్యాక నన్ను తన అపార్ట్ మెంట్ కి పిలిచింది. అక్కడికి వెళ్లాం.
spam,"మీరు ప్రత్యేకంగా ఎంపిక చేయబడ్డ విజేత, 2£1000 లేదా 4* హాలిడే (ఫ్లైట్స్ ఇంక్) లైవ్ ఆపరేటర్ తో మాట్లాడండి 2 క్లెయిమ్ 0871277810910p/min (18+) "
spam,"మీరు ప్రత్యేకంగా ఎంపిక చేయబడ్డ విజేత, 2£1000 లేదా 4* హాలిడే (ఫ్లైట్స్ ఇంక్) లైవ్ ఆపరేటర్ తో మాట్లాడండి 2 క్లెయిమ్ 0871277810910p/min (18+) "
ham,హ్మ్మ్... మా మామయ్య నేరుగా పాఠశాలకు డబ్బు చెల్లిస్తున్నానని నాకు తెలియజేశాడు. కాబట్టి దయచేసి ఆహారం కొనండి.
spam,వ్యక్తిగత! 07742676969 కొరకు మీ 2004 అకౌంట్ స్టేట్ మెంట్ 786 అన్ డీమ్ చేయని బోనస్ పాయింట్లను చూపిస్తుంది. కాల్ క్లెయిమ్ చేయడానికి 08719180248 ఐడెంటిఫైయర్ కోడ్: 45239 గడువు ముగిసింది
spam,వ్యక్తిగత! 07742676969 కొరకు మీ 2004 అకౌంట్ స్టేట్ మెంట్ 786 అన్ డీమ్ చేయని బోనస్ పాయింట్లను చూపిస్తుంది. కాల్ క్లెయిమ్ చేయడానికి 08719180248 ఐడెంటిఫైయర్ కోడ్: 45239 గడువు ముగిసింది
spam,"అత్యవసరం! మీ మొబైల్ నెంబరు. 5/9/03న £2000 బోనస్ కాలర్ ప్రైజ్ లభించింది, ఇది మిమ్మల్ని సంప్రదించడానికి మా చివరి ప్రయత్నం! ల్యాండ్ లైన్ 09064019788 BOX42WR29C, 150PPM నుంచి కాల్ చేయండి"
spam,"అత్యవసరం! మీ మొబైల్ నెంబరు. 5/9/03న £2000 బోనస్ కాలర్ ప్రైజ్ లభించింది, ఇది మిమ్మల్ని సంప్రదించడానికి మా చివరి ప్రయత్నం! ల్యాండ్ లైన్ 09064019788 BOX42WR29C, 150PPM నుంచి కాల్ చేయండి"
spam,"7548తో ముగిసే నేటి వోడా నంబర్లు $350 అవార్డును అందుకోవడానికి ఎంపిక చేయబడ్డాయి. ఒకవేళ మీకు మ్యాచ్ ఉన్నట్లయితే, దయచేసి క్లెయిమ్ కోడ్ 4041 స్టాండర్డ్ రేట్స్ యాప్ ని ఉటంకిస్తూ 08712300220 కాల్ చేయండి."
spam,"7548తో ముగిసే నేటి వోడా నంబర్లు $350 అవార్డును అందుకోవడానికి ఎంపిక చేయబడ్డాయి. ఒకవేళ మీకు మ్యాచ్ ఉన్నట్లయితే, దయచేసి క్లెయిమ్ కోడ్ 4041 స్టాండర్డ్ రేట్స్ యాప్ ని ఉటంకిస్తూ 08712300220 కాల్ చేయండి."
ham,Ì_ ఎప్పుడు కొనుగోళ్లు పూర్తి చేస్తారో ఊహించగలరా?
ham,మంచి పనులు చేస్తారు.
ham,"మీకు తెలుసు, ఇంకా డబ్బు పంపలేదు. నేను పంపడానికి ఇబ్బంది పడవద్దని ఆమెకు ఒక సందేశం పంపాను. కాబట్టి ఇది ముగిసింది, మీరు దేనిలోనూ నిమగ్నం కానవసరం లేదు. నేను మొదట మీపై ఏమీ రుద్దకూడదు కాబట్టి అందుకు క్షమాపణలు చెబుతున్నాను."
ham,మీరు గదిలో ఉన్నారా.
ham,హే గర్ల్. ఎలా ఆర్ యు? నేను డెల్ ఆర్ బాక్ అని ఆశిస్తున్నాను! మళ్లీ చాలా కాలం నో సి! లూసిక్స్ నుంచి నాకు కాల్ మొత్తం సమయం ఇవ్వండి
ham,K.. కె:) దీని ఖరీదు ఎంత?
ham,నేను ఇంట్లో ఉన్నాను.
ham,"ప్రియమైన, Tmorro.pls కు కాల్ చేస్తాను."
ham,ముందు నా ప్రశ్నకు సమాధానం చెప్పండి.
spam,సన్ షైన్ క్విజ్ విక్లీ క్యూ! అల్గార్వే ఏ దేశంలో ఉందో మీకు తెలిస్తే టాప్ సోనీ డివిడి ప్లేయర్ గెలుచుకోండి? 82277కు చేరింది. £1.50 SP:Tyrone
spam,సన్ షైన్ క్విజ్ విక్లీ క్యూ! అల్గార్వే ఏ దేశంలో ఉందో మీకు తెలిస్తే టాప్ సోనీ డివిడి ప్లేయర్ గెలుచుకోండి? 82277కు చేరింది. £1.50 SP:Tyrone
spam,ఈ రాత్రికి 2 వేయాలనుకుంటున్నారా? నిజమైన డాగింగ్ లొకేషన్ లు డైరెక్ట్ 2 మీ గుంపుకు పంపాలనుకుంటున్నారా? యుకె యొక్క అతిపెద్ద డాగింగ్ నెట్ వర్క్ 69888 కు టిక్టింగ్ గ్రావెల్ తో చేరండి! nt. ec2a. 31p.msg@150p
spam,ఈ రాత్రికి 2 వేయాలనుకుంటున్నారా? నిజమైన డాగింగ్ లొకేషన్ లు డైరెక్ట్ 2 మీ గుంపుకు పంపాలనుకుంటున్నారా? యుకె యొక్క అతిపెద్ద డాగింగ్ నెట్ వర్క్ 69888 కు టిక్టింగ్ గ్రావెల్ తో చేరండి! nt. ec2a. 31p.msg@150p
ham,ఆయన అక్కడే ఉన్నారు. మీరు అతడికి ఫోన్ చేసి కలుస్తారు.
ham,కాదు కాదు. యాక్టివిటీల కొరకు నేను అన్ని రూమ్ లను తనిఖీ చేస్తాను.
spam,"మీరు చాట్ ఎస్విసి నుండి ఇకపై ఎంఎస్జిలను పొందలేరు. ఉచిత హార్డ్ కోర్ సేవల కొరకు టెక్స్ట్ కు వెళ్లండి: 69988 ఒకవేళ మీకు ఏమీ లభించనట్లయితే, మీరు ఇయర్ నెట్ వర్క్ తో ఏజ్ వెరిఫై చేయాలి మరియు మళ్లీ ప్రయత్నించండి"
spam,"మీరు చాట్ ఎస్విసి నుండి ఇకపై ఎంఎస్జిలను పొందలేరు. ఉచిత హార్డ్ కోర్ సేవల కొరకు టెక్స్ట్ కు వెళ్లండి: 69988 ఒకవేళ మీకు ఏమీ లభించనట్లయితే, మీరు ఇయర్ నెట్ వర్క్ తో ఏజ్ వెరిఫై చేయాలి మరియు మళ్లీ ప్రయత్నించండి"
ham,"K, మీరు వెళుతున్నప్పుడు నాకు మెసేజ్ చేయండి"
ham,"సర్, మీ మెయిల్ కోసం ఎదురుచూస్తున్నాను."
ham,"ఒక ఆలోచన: \చిన్న చిన్న పనులు చేసి అలసిపోతారు 4 ప్రియమైన వ్యక్తులు.. \"" కాజ్.. కొన్నిసార్లు ఆ చిన్న విషయాలు వారి హృదయాలలో అతిపెద్ద భాగాన్ని ఆక్రమిస్తాయి .. Gud ni8"""
ham,మీరు ఉన్నారని నాకు తెలుసు. మీరు దయచేసి వెనుక భాగాన్ని తెరవగలరా?
ham,అవును చూడు చుక్క మీద కాదు
ham,మాకు క్లాస్ తీసుకుంటున్న సిబ్బంది పేరు ఏమిటి?
spam,"ఫ్రీఎమ్ ఎస్ జి మీరు నా టెక్స్ట్ కు ఎందుకు సమాధానం ఇవ్వలేదు? నేను రాండీ, సెక్సీ, ఫిమేల్ మరియు లైవ్ లోకల్. U. Netcollex Ltd 08700621170150p నుంచి వినడానికి ఇష్టపడండి."
spam,"ఫ్రీఎమ్ ఎస్ జి మీరు నా టెక్స్ట్ కు ఎందుకు సమాధానం ఇవ్వలేదు? నేను రాండీ, సెక్సీ, ఫిమేల్ మరియు లైవ్ లోకల్. U. Netcollex Ltd 08700621170150p నుంచి వినడానికి ఇష్టపడండి."
ham,K.. నేను నా కాంటాక్ట్ ని డిలీట్ చేశాను ఎందుకు?
ham,సింధూకు బిర్లా సాఫ్ట్ లో ఉద్యోగం వచ్చింది..
ham,"వైన్ ప్రవహిస్తోంది, నేనెప్పుడూ లేను.."
ham,అవును 2 ప్లాజా కిందకు వెళ్లాల్సిన అవసరం లేదు కాబట్టి సినిమా బెటర్.
ham,సరే... మీ విలక్షణమైన సమాధానం...
ham,మీ అభ్యర్థన మేరకు 'మెల్లె మెల్లె (ఒరు మిన్నమినుంగింటే నురుంగు వేటమ్)' కాలర్స్ అందరికీ మీ కాలర్ట్యూన్ గా సెట్ చేయబడింది. మీ స్నేహితులు కాలర్ ట్యూన్ ను కాపీ చేయడానికి *9 నొక్కండి
ham,"నేల మీద, కిటికీల మీద, నా చొక్కా మీద కూడా ఎక్కడ చూసినా నువ్వే మురికిగా ఉన్నావు. ఒక్కోసారి నోరు తెరిస్తే మీరంతా బయటకు వస్తున్నారు. నువ్వు లేని నా ప్రపంచం గురించి కలలు కంటున్నాను, అప్పుడు నా సగం పనులు కూడా అయిపోయాయి. నాకు ఆనందకరమైన సమయం, నేను చాలా టీవీ షోలు చూస్తాను. కానీ వర్షం, వడగళ్లు, పొగమంచు వంటి అన్ని విషయాల్లాగే మీరు కూడా ఉండాలి, ఇక్కడ నా సమయం ముగిసిన తర్వాత, మీరు మరియు నేను ఒక్కటి అవుతాము."
ham,అయ్యో మీరు పనిలో ఉన్నారా?
ham,ఇప్పుడు ఇంటి నుంచి వెళ్లిపోతున్నా...
ham,హలో ప్రియతమా. మీరు ఏమి చేస్తున్నారు? ఈ రోజు ఆ ఇంటర్వ్యూకు వచ్చారా? మీరు సంతోషంగా ఉన్నారా? మీరు మంచి అబ్బాయిగా ఉన్నారా? మీరు నా గురించి ఆలోచిస్తున్నారా? నన్ను మిస్ అవుతున్నావా ?
spam,కస్టమర్ సర్వీస్ అనామకత. మీ కోసం న్యూ ఇయర్ డెలివరీ వేచి ఉంది. డెలివరీని ఏర్పాటు చేయడం కొరకు దయచేసి ఇప్పుడు 07046744435 కు కాల్ చేయండి.
spam,కస్టమర్ సర్వీస్ అనామకత. మీ కోసం న్యూ ఇయర్ డెలివరీ వేచి ఉంది. డెలివరీని ఏర్పాటు చేయడం కొరకు దయచేసి ఇప్పుడు 07046744435 కు కాల్ చేయండి.
spam,మీరు ప్రత్యేకంగా ఎంపిక చేయబడ్డ విజేత 2£1000 నగదు లేదా 4* హాలిడే (ఫ్లైట్స్ ఇంక్) లైవ్ ఆపరేటర్ తో మాట్లాడండి 2 క్లెయిమ్ 0871277810810
spam,మీరు ప్రత్యేకంగా ఎంపిక చేయబడ్డ విజేత 2£1000 నగదు లేదా 4* హాలిడే (ఫ్లైట్స్ ఇంక్) లైవ్ ఆపరేటర్ తో మాట్లాడండి 2 క్లెయిమ్ 0871277810810
ham,నా తల్లిదండ్రులకు కొత్త కారు మరియు ఇల్లు.:)నా చేతిలో కొత్త ఉద్యోగం మాత్రమే ఉంది:)
ham,నేను నిన్ను చాలా ప్రేమిస్తున్నాను. నీతో గడిపే ప్రతిరోజూ ఉత్సాహంగా ఉన్నాను. నువ్వు నన్ను చాలా సంతోషపెట్టావు.
spam,- పిఎల్ఎస్ స్టాప్ బూటీ డెలివరీ (32/ఎఫ్) ఆమె స్నేహితురాలిగా ఉండటానికి మిమ్మల్ని ఆహ్వానిస్తోంది. అవును-434 లేదా NO-434కు సమాధానం ఇవ్వండి: www.SMS.ac/u/bootydelious ఆపివేయాలా? స్టాప్ FRNDని 62468కు పంపండి
spam,- పిఎల్ఎస్ స్టాప్ బూటీ డెలివరీ (32/ఎఫ్) ఆమె స్నేహితురాలిగా ఉండటానికి మిమ్మల్ని ఆహ్వానిస్తోంది. అవును-434 లేదా NO-434కు సమాధానం ఇవ్వండి: www.SMS.ac/u/bootydelious ఆపివేయాలా? స్టాప్ FRNDని 62468కు పంపండి
spam,"బ్యాంగ్ బేబ్స్ మీ ఆర్డర్ దారిలో ఉంది. మీరు సర్వీస్ Msg 2 డౌన్ లోడ్ UR కంటెంట్ ని అందుకోవాలి. మీరు చేయకపోతే, గోటో వాప్. బాంగ్బ్. UR మొబైల్ ఇంటర్నెట్/సర్వీస్ మెనూలో టీవీ"
spam,"బ్యాంగ్ బేబ్స్ మీ ఆర్డర్ దారిలో ఉంది. మీరు సర్వీస్ Msg 2 డౌన్ లోడ్ UR కంటెంట్ ని అందుకోవాలి. మీరు చేయకపోతే, గోటో వాప్. బాంగ్బ్. UR మొబైల్ ఇంటర్నెట్/సర్వీస్ మెనూలో టీవీ"
spam,అత్యవసరం! మేము మిమ్మల్ని సంప్రదించడానికి ప్రయత్నిస్తున్నాము. గత వారాంతపు డ్రాలో మీరు £900 ప్రైజ్ గ్యారంటీని గెలుచుకున్నారని చూపిస్తుంది. 09061701939 కు కాల్ చేయండి. క్లెయిమ్ కోడ్ S89. చెల్లుబాటు అయ్యే 12 గంటలు మాత్రమే
spam,అత్యవసరం! మేము మిమ్మల్ని సంప్రదించడానికి ప్రయత్నిస్తున్నాము. గత వారాంతపు డ్రాలో మీరు £900 ప్రైజ్ గ్యారంటీని గెలుచుకున్నారని చూపిస్తుంది. 09061701939 కు కాల్ చేయండి. క్లెయిమ్ కోడ్ S89. చెల్లుబాటు అయ్యే 12 గంటలు మాత్రమే
ham,గ్రేట్ ఎస్కేప్. నాకు వంతెన అంటే ఇష్టం కానీ ఆమె లగేర్ కావాలి. కలుద్దాం టోమో 
ham,అవును :)పూర్తిగా ఫామ్ లో లేదు:) క్లార్క్ కూడా పూర్తిగా వ్యర్థం.
ham,"సర్, నాకు యాక్సిస్ బ్యాంక్ అకౌంట్ నెంబరు మరియు బ్యాంక్ చిరునామా అవసరం."
ham,"హమ్మయ్య.. ఖచ్చితంగా సమయం దొరికింది... అవును, 4 ఉచితం వెళ్లవచ్చు... లియావో గురించి చర్చించడానికి ముజ్ మీకు కాల్ చేశాడు... "
ham,తరువాత మీరు ఏ సమయంలో వస్తారు? 
ham,"నా ఇంటిపేరు మర్చిపోయావంటే నమ్మలేకపోతున్నావు మిస్టర్ . నేను మీకు క్లూ ఇస్తాను, ఇది స్పానిష్ మరియు ఎం తో ప్రారంభమవుతుంది... "
ham,"సరే, ఇప్పుడే స్నానం పూర్తి చేస్తాను. మంచి చేయండి... మంచి రాత్రి.."
ham,"మీ దగ్గర డబ్బు ఉన్నప్పుడు నాకు తెలియజేయండి, కాబట్టి కార్లోస్ కాల్ చేయవచ్చు"
ham,మీరు ఇంకా మాల్ కు వెళ్తున్నారా?
ham,"నా స్నేహితులు మొత్తం ప్రదర్శన కోసం ఉన్నారు మరియు ~ &lt; #&gt; వరకు తిరిగి రారు, కాబట్టి ముందుకు వెళ్లి $ &lt; #&gt; విలువైన ధూమపానం చేయడానికి సంకోచించకండి"
ham,"ఆమెకు మెసేజ్ చేయండి. ఒకవేళ ఆమె రిప్లై ఇవ్వనట్లయితే నాకు తెలియజేయండి, తద్వారా ఆమె లాగిన్ అవుతుంది."
ham,హాయ్! మీరు మనీషా వి తో మాట్లాడారు. మీరు అనుభవంతో సంతృప్తి చెందారా అని మేము తెలుసుకోవాలనుకుంటున్నాము. అవును లేదా కాదుతో టోల్ ఫ్రీకి సమాధానం ఇవ్వండి.
ham,డబ్బు ఆఫర్ తో నా ఆశలను ఎత్తేశారు. నాకు అవసరం ఉంది. ముఖ్యంగా నెలాఖరు దగ్గర పడుతుండటంతో నా చదువు దెబ్బతింటుంది. ఏదేమైనా GR8 వీకెండ్ ఉంది
ham,"లేదు, మీరు నన్ను నమ్మవచ్చు."
ham,"సరే. నేను పెద్దమనిషిని, మిమ్మల్ని హుందాగా, గౌరవంగా చూసుకుంటాను."
ham,"అతను చేస్తాడు, మీరు దగ్గరగా ఉన్నారా?"
ham,గొప్పగా ఏమీ జరగడం లేదు.బై
ham,హలో హ్యాండ్సమ్! మీరు ఆ ఉద్యోగం వెతుకుతున్నారా ? సోమరితనం కాదా ? మమ్మీ కోసం ఆ వలను తిరిగి పొందే దిశగా పనిచేస్తున్నారా ? నా బాయ్ టాయ్ ఇప్పుడు ఎక్కడ ఉన్నాడు ? అతను నన్ను మిస్ అవుతున్నాడా ?
ham,"హహ అద్భుతం, ఒక్క నిమిషంలో అక్కడికి చేరుకోండి"
spam,"దయచేసి మా కస్టమర్ సర్వీస్ రిప్రజెంటేటివ్ కు ఉదయం 9-11 గంటల మధ్య ఫ్రీఫోన్ 0808 145 4742 కు కాల్ చేయండి, ఎందుకంటే మీరు £1000 నగదు లేదా £5000 బహుమతిని గెలుచుకున్నారు."
spam,"దయచేసి మా కస్టమర్ సర్వీస్ రిప్రజెంటేటివ్ కు ఉదయం 9-11 గంటల మధ్య ఫ్రీఫోన్ 0808 145 4742 కు కాల్ చేయండి, ఎందుకంటే మీరు £1000 నగదు లేదా £5000 బహుమతిని గెలుచుకున్నారు."
ham,నేను ఇంటికి చేరుకున్నాను. ముందు స్నానం చేస్తాను. కానీ నెట్ వాడుతున్న నా చెల్లెలు ఆమె ఎప్పుడు ఫినిష్ చేస్తుందో చెబుతుంది...
spam,మీరు ప్రత్యేకంగా ఉన్నారా? ఆగస్ట్ 30 నుంచి తెలుసుకోండి. www.areyouunique.co.uk
spam,మీరు ప్రత్యేకంగా ఉన్నారా? ఆగస్ట్ 30 నుంచి తెలుసుకోండి. www.areyouunique.co.uk
ham,హాయ్ :)మేనా కోర్సు పూర్తి చేశాను:)
ham,"అది తనంతట తానుగా ఆగిపోతుంది. ఏదేమైనా, ఆమె ప్రతి మలానికి ఓఆర్ఎస్ ఇవ్వగలిగే వ్యక్తితో ఉండాలని నేను సూచిస్తున్నాను."
ham,మీరు ఎలా చేస్తున్నావు? మీరు కొత్త విద్యాసంవత్సరానికి స్థిరపడ్డారని ఆశిస్తున్నాను. మీకు 8వ రోజు శుభాకాంక్షలు
ham,గుడ్ మార్నింగ్ డియర్ హ్యాపీ డే
ham,ఆ వ్యక్తి కథ మీకు దొరికిందా
ham,"మీ చిట్టెలుక చనిపోయిందా? హేయ్, నేను మధ్యాహ్నం ఒంటిగంటకు మిమ్మల్ని కలుస్తాను మిస్టర్? "
ham,హాయ్ ఇట్స్ కేట్ మీ సాయంత్రం ఎలా ఉంది? రేపు నిన్ను కాసేపు కలుద్దామని అనుకుంటున్నాను కానీ. మీకు వీలైతే తిరిగి ఇవ్వండి. :) xxx
ham,"కనుగొన్నారు, ENC &lt;#&gt;, మీరు ఎక్కడ ఉన్నారు?"
ham,నేను మీకు #&gt; &lt; పంపాను
ham,"హలో డార్లిన్ నేను ఇప్పుడు కాలేజ్ పూర్తి చేశాను, కాబట్టి మీరు కేట్ ను ప్రేమించగలరా అని మీరు పూర్తి చేసినప్పుడు నన్ను సంప్రదించండి XXX"
ham,ఐఎన్ ఆర్ &lt;డిఇసిమల్&gt; ద్వారా మీ ఖాతా విజయవంతంగా రీఫిల్ చేయబడింది. మీ కేరళసర్కిల్ ప్రీపెయిడ్ అకౌంట్ బ్యాలెన్స్ రూ.&lt;డిసిమల్&gt;. మీ లావాదేవీ ఐడి KR &lt;#&gt;.
ham,గుడ్ మార్నింగ్ స్లీపింగ్ గా.
ham,మీరు నన్ను 11 ఓకే వద్ద ఆల్టర్ అని పిలుస్తారు.
ham,ఎరిక్సన్ ఓసోను కొనుగోలు చేసేంత వరకు నేను చెప్పలేను...
ham,నేను నా క్యాబిన్ లోకి ప్రవేశించగానే మా పీఏ 'హ్యాపీ బీ డే బాస్..' అన్నారు. నాకు స్పెషల్ గా అనిపించింది. ఆమె నన్ను 4 లంచ్ అడిగింది. లంచ్ అయ్యాక నన్ను తన అపార్ట్ మెంట్ కి పిలిచింది. అక్కడికి వెళ్లాం.
ham,"Aight yo, dats స్ట్రెయిట్ డాగ్"
ham,&lt;డిసిమల్&gt; లేదా బిల్లును రీఫండ్ చేయడానికి ముందు మీరు ఈ రోజే మాకు కనెక్షన్ ఇవ్వండి.
ham,రెండు :) నేను పెద్ద లోడ్ షూట్ చేస్తాను కాబట్టి సిద్ధంగా ఉండండి!
ham,"ఏమైంది బ్రూవ్, మీకు గొప్ప విరామం లభిస్తుందని ఆశిస్తున్నాను. లాభదాయకమైన సెమిస్టర్ ఉంది."
ham,ఇంట్లో మనం ఎప్పుడూ చాట్ చేసుకోవచ్చు.
ham,K:)k:)బాగుంది:) బాగా చదవండి.
ham,అవును... Ì_ నో లెహ్ ఎలా...
ham,చాలా బాగుంది! మీరు ఇప్పుడు ఇంట్లో ఉన్నారా?
ham,చివరగా మీ అంచనా ప్రకారం డ్రా దిశగా సాగుతున్న మ్యాచ్.
ham,అలసిన. గత కొన్ని రాత్రులు నేను సరిగ్గా నిద్రపోలేదు.
ham,ఈజీగా ఆహ్ సేన్ ను సెలెక్ట్ చేయడం అంటే మంచిదే..
ham,మార్చి 3న పరీక్ష రాయాల్సి ఉంది.
ham,అవును మీరు చేయాలి. రిజిస్టర్ చేసుకోవడానికి మీరు ఇప్పుడు మీ జిటి ఎటిఎంను ఉపయోగించవచ్చని నేను అనుకుంటున్నాను. ఖచ్చితంగా తెలియదు కానీ ఏదైనా ఉంటే నాకు తెలియజేయడానికి నేను సహాయపడగలను. కానీ మీరు సిద్ధంగా ఉన్నారని నిర్ధారించుకున్నప్పుడు.
ham,ఓకే నో ప్రోబ్. మీకు కావలసినంత సమయం తీసుకోండి.
ham,హార్డ్ డిస్క్ లో ఇన్ స్టాల్ చేయకుండానే నడిచే ఉబందు అనే ఆపరేటింగ్ సిస్టం ఉంది... సిస్టంలోని ముఖ్యమైన ఫైళ్లను కాపీ చేసి రిపేర్ షాప్ కు ఇవ్వడానికి ఆ ఓఎస్ ను ఉపయోగించవచ్చు..
ham,"క్షమించండి, నేను తరువాత కాల్ చేస్తాను"
ham,మీరు చెప్పండి లేహ్... వాస్తవానికి ఏమీ జరగదు. వి రొమాంటిక్ జుస్ అని కొంచెం మాత్రమే చెప్పకూడదు. నేను ప్రకృతి దృశ్యాలు అంత బాగుండవు లేహ్.
spam,"2004 నుండి 500 కొత్త మొబైల్స్, తప్పక వెళ్ళాలి! Txt: నోకియా నుంచి నెంబరు: 89545 & ఈ రోజే మీది సేకరించండి! కేవలం £1 www.4-tc.biz నుంచి 087187262701.50gbp/mtmsg18"
spam,"2004 నుండి 500 కొత్త మొబైల్స్, తప్పక వెళ్ళాలి! Txt: నోకియా నుంచి నెంబరు: 89545 & ఈ రోజే మీది సేకరించండి! కేవలం £1 www.4-tc.biz నుంచి 087187262701.50gbp/mtmsg18"
spam,"త్వరలోనే మీ డ్రీమ్ పార్టనర్ ను కలుస్తారా? 2 నుంచి మీ కెరీర్ స్టార్ట్ అవుతుందా? 2 మీ నక్షత్ర చిహ్నం తరువాత ఉచిత, Txt HORO కనుగొనండి, ఉదా. హోరో ఏరీస్"
spam,"త్వరలోనే మీ డ్రీమ్ పార్టనర్ ను కలుస్తారా? 2 నుంచి మీ కెరీర్ స్టార్ట్ అవుతుందా? 2 మీ నక్షత్ర చిహ్నం తరువాత ఉచిత, Txt HORO కనుగొనండి, ఉదా. హోరో ఏరీస్"
ham,"టీచర్ కంటే జీవితం చాలా స్ట్రిక్ట్... ఎందుకంటే ఉపాధ్యాయుడు పాఠం బోధిస్తాడు మరియు తరువాత పరీక్షను నిర్వహిస్తాడు, కానీ జీవితం మొదట పరీక్షను నిర్వహిస్తుంది మరియు తరువాత పాఠాలను బోధిస్తుంది. హ్యాపీ మార్నింగ్..."
ham,డియర్ గుడ్ మార్నింగ్ ఇప్పుడే లేచాను.
ham,గాంధీపురంలో దిగి క్రాస్ కట్ రోడ్డుకు నడుచుకుంటూ వెళ్లాలి. కుడివైపున &lt;#&gt; వీధి రోడ్డు మరియు మొదట కుడివైపుకు తిప్పండి.
ham,ప్రియమైన మేము మా రబ్బరు ప్రదేశానికి వెళుతున్నాము
ham,"క్షమించండి బ్యాటరీ చనిపోయింది, అవును నేను ఇక్కడ ఉన్నాను"
ham,అవును:) ఇక్కడ పని ప్రదేశంలో టీవీ ఎప్పుడూ అందుబాటులో ఉంటుంది..
spam,ఈ రోజు సెక్సీగా ఉన్న వ్యక్తిని టెక్స్ట్ చేయండి మరియు కలవండి. మీరు ఒక తేదీని కనుగొనవచ్చు లేదా దానిని U వరకు సరసలాడించవచ్చు. 4లో చేరండి కేవలం 10p. పేరు మరియు వయస్సుతో సమాధానం ఇవ్వండి ఉదా: సామ్ 25. 18 -msg recd@thirtyeight పెన్స్
spam,ఈ రోజు సెక్సీగా ఉన్న వ్యక్తిని టెక్స్ట్ చేయండి మరియు కలవండి. మీరు ఒక తేదీని కనుగొనవచ్చు లేదా దానిని U వరకు సరసలాడించవచ్చు. 4లో చేరండి కేవలం 10p. పేరు మరియు వయస్సుతో సమాధానం ఇవ్వండి ఉదా: సామ్ 25. 18 -msg recd@thirtyeight పెన్స్
ham,లేదా అదే వీధిలోని బస్ స్టాప్ లో మాదిరిగా కొంచెం దగ్గరగా ఉంటాను.
ham,మీరు ఎక్కడ ఉన్నారు?మీరు ఇక్కడికి ఎప్పుడు చేరుకుంటారు?
ham,"కొత్త సిద్ధాంతం: వాదన పరిస్థితిని గెలుస్తుంది, కానీ వ్యక్తిని కోల్పోతుంది. కాబట్టి స్నేహితులతో వాదించకండి.. . . వారిని తన్నండి మరియు నేను ఎల్లప్పుడూ కరెక్ట్ అని చెప్పండి.!"
spam,"మీరు 447801259231 ఒక రహస్య అభిమానిని కలిగి ఉన్నారు 2 చూస్తున్నారు 2 యు-ఫైవ్ తో సంప్రదించండి, వారు ఎవరెవరిని బహిర్గతం చేస్తారో తెలుసుకోండి, యుఆర్ ను చాలా ప్రత్యేకంగా భావిస్తారు-09058094597"
spam,"మీరు 447801259231 ఒక రహస్య అభిమానిని కలిగి ఉన్నారు 2 చూస్తున్నారు 2 యు-ఫైవ్ తో సంప్రదించండి, వారు ఎవరెవరిని బహిర్గతం చేస్తారో తెలుసుకోండి, యుఆర్ ను చాలా ప్రత్యేకంగా భావిస్తారు-09058094597"
ham,PLEASSSSSEEEE TEL ME V AVENT Done SportSx
ham,"సరే. లేదు లేదు, కేవలం ప్రకాశిస్తూనే ఉంది. అది సంతకం చేయాలని అనుకున్నారు, కానీ అది మంచిది."
ham,"నేను ఇప్పుడు బేగ్ ఫేస్ వాచ్ లలో ఉన్నానని చెప్పినప్పటికీ, మీరు ఇచ్చిన వాచ్ నాకు చాలా ఇష్టం ఎందుకంటే ఇది ఎఫ్ ఆర్ యు. థాంక్స్ 4 ఈ రోజు మీరు చేసిన ప్రతి పని నన్ను తాకింది..."
ham,ఆ పాత కమర్షియల్ గుర్తులేదా?
ham,"చాలా ఆలస్యం. నా దగ్గర వెబ్ సైట్ ఉందని చెప్పాను. నా దగ్గర చెప్పులు లేవు, లేవు"
ham,ఇప్పుడు ఆయన్ని ఓకే అని పిలవమని అడిగాను.
ham,రెండో ఇన్నింగ్స్లో కల్లిస్ బ్యాటింగ్కు దిగలేదు.
ham,అది మళ్ళీ పనిచేయలేదు. సరే గుడ్ నైట్. మీరు నిద్రలేచే సమయానికి నేను దానిని సరిచేస్తాను మరియు సిద్ధం చేస్తాను. మీరు మంచి రాత్రి నిద్రను చాలా మిస్ అవుతున్నారు.
spam,మీకు 500 సిడి వోచర్లు లేదా 125గిఫ్ట్ గ్యారంటీ మరియు ఉచిత ప్రవేశం 2 100 వారాలకు 87066 టిఎన్ సిలకు టిఎక్స్ టి మ్యూజిక్ ను డ్రా చేసినందుకు అభినందనలు. Ldew.com1win150ppmx3age16
spam,మీకు 500 సిడి వోచర్లు లేదా 125గిఫ్ట్ గ్యారంటీ మరియు ఉచిత ప్రవేశం 2 100 వారాలకు 87066 టిఎన్ సిలకు టిఎక్స్ టి మ్యూజిక్ ను డ్రా చేసినందుకు అభినందనలు. Ldew.com1win150ppmx3age16
ham,"మీ ప్రియమైన బ్కమ్స్ కోపంగా ఉండండి, దానిని సీరియస్ గా తీసుకోకండి.. కోజ్ కోపంగా ఉండటం అనేది లోతైన ఆప్యాయత, శ్రద్ధ మరియు ప్రేమను చూపించడానికి నిజమైన మార్గం.. కెట్టోడా మండా... హ్యాపీ డే డా."
ham,మీరు ఏమి చేస్తున్నారు?మీరు ఎలా ఉన్నారు?
ham,"3 రోజులు కూడా తీసుకునే యూపీఎస్, 20 రోజులు తీసుకునే షిప్పింగ్ కంపెనీ. మరొక మార్గం యుఎస్పిలు, దీనికి ఒక వారం పడుతుంది, కానీ అది లాగ్ అయినప్పుడు మీరు మీ వస్తువులను పొందడానికి నిపోస్ట్కు లంచం ఇవ్వాల్సి ఉంటుంది."
ham,"నేను తిరిగి వచ్చాను, మీరు ఎప్పుడు సిద్ధంగా ఉన్నారో నాకు తెలుసు"
ham,"మీరు తిరిగి రాకముందే ఇది జరుగుతుందని ఆశించవద్దు, ఎందుకంటే నేను ఇప్పుడే బయటకు వచ్చాను"
ham,మ్మ్ సో సమ్మీ బేబీ ... సుజీకి మంచి షాక్..
ham,మీరు ప్రేమికులు ఎక్కడ ఉన్నారు ? మీరు నాకు అవసరం...
spam,వీడియో హ్యాండ్ సెట్ యొక్క మా ఆఫర్ కు మీ సమాధానం కొరకు మేం మిమ్మల్ని సంప్రదించడానికి ప్రయత్నించాము? ఎప్పుడైనా 750 నెట్ వర్క్ లు? అపరిమిత టెక్స్ట్? క్యామ్ కార్డర్? ఇప్పుడు 08000930705 రిప్లై ఇవ్వండి లేదా కాల్ చేయండి
spam,వీడియో హ్యాండ్ సెట్ యొక్క మా ఆఫర్ కు మీ సమాధానం కొరకు మేం మిమ్మల్ని సంప్రదించడానికి ప్రయత్నించాము? ఎప్పుడైనా 750 నెట్ వర్క్ లు? అపరిమిత టెక్స్ట్? క్యామ్ కార్డర్? ఇప్పుడు 08000930705 రిప్లై ఇవ్వండి లేదా కాల్ చేయండి
ham,Yup
ham,ఏదేమైనా ఇప్పుడు సొంతంగా షాపింగ్ చేస్తున్నాను. ఎందుకంటే నా పని ఇంకా పూర్తి కాలేదు. మీరు మిమ్మల్ని డిస్టర్బ్ చేస్తున్నారు.
ham,లూటన్ లో నా నెంబరు. 0125698789 చుట్టుపక్కల ఉంటే నాకు ఫోన్ చేయండి! H*
spam,"హాయ్ నేను చాట్ చేయాలనుకుంటున్నాను లేదా నా నగ్న టెక్స్ట్ హాట్ హాట్ గా చూడాలని అనుకుంటున్నాను, టెక్స్ట్ స్టాప్ 69698 ని అన్ సబ్ స్క్రైబ్ చేయడానికి రాత్రి 150 గంటలకు ఛార్జ్ చేయబడింది"
spam,"హాయ్ నేను చాట్ చేయాలనుకుంటున్నాను లేదా నా నగ్న టెక్స్ట్ హాట్ హాట్ గా చూడాలని అనుకుంటున్నాను, టెక్స్ట్ స్టాప్ 69698 ని అన్ సబ్ స్క్రైబ్ చేయడానికి రాత్రి 150 గంటలకు ఛార్జ్ చేయబడింది"
ham,అదే. అప్పుడు వానా ఏదో ఒక ట్రిప్ ప్లాన్ చేస్తాడు
ham,"ఇంకా ఖచ్చితంగా తెలియదు, ఇంకా అతన్ని పట్టుకోవడానికి ప్రయత్నిస్తున్నాడు"
spam,మీ రింగ్ టోన్ సర్వీస్ మారింది! 25 ఉచిత క్రెడిట్లు! ఇప్పుడు కంటెంట్ ఎంచుకోవడం కొరకు club4mobiles.com కు వెళ్లండి! ఆపు? Txt క్లబ్ స్టాప్ 87070 కు చేరుకుంది. 150p/wk Club4 PO Box1146 MK45 2WT
spam,మీ రింగ్ టోన్ సర్వీస్ మారింది! 25 ఉచిత క్రెడిట్లు! ఇప్పుడు కంటెంట్ ఎంచుకోవడం కొరకు club4mobiles.com కు వెళ్లండి! ఆపు? Txt క్లబ్ స్టాప్ 87070 కు చేరుకుంది. 150p/wk Club4 PO Box1146 MK45 2WT
spam,రింగ్ టోన్ క్లబ్: ప్రతి వారం మీ మొబైల్ లో యుకె సింగిల్స్ చార్ట్ పొందండి మరియు ఏదైనా టాప్ క్వాలిటీ రింగ్ టోన్ ఎంచుకోండి! ఈ సందేశం ఉచితం.
spam,రింగ్ టోన్ క్లబ్: ప్రతి వారం మీ మొబైల్ లో యుకె సింగిల్స్ చార్ట్ పొందండి మరియు ఏదైనా టాప్ క్వాలిటీ రింగ్ టోన్ ఎంచుకోండి! ఈ సందేశం ఉచితం.
ham,"రాత్రి ముగిసి మరో రోజు, ఉదయం ఒక ప్రత్యేకమైన మార్గంలో వచ్చింది. మీరు సూర్యకిరణాల వలె నవ్వండి మరియు మీ ఆందోళనలను బ్లూ బే వద్ద వదిలివేయండి."
spam,HMV బోనస్ స్పెషల్ 500 పౌండ్ల నిజమైన HMV వోచర్లను గెలుచుకోవాలి. 4 సులభమైన ప్రశ్నలకు సమాధానాలు ఇవ్వండి. ఇప్పుడు ఆడండి! HMVని 86688 మరింత info:www.100percent-real.com కు పంపండి
spam,HMV బోనస్ స్పెషల్ 500 పౌండ్ల నిజమైన HMV వోచర్లను గెలుచుకోవాలి. 4 సులభమైన ప్రశ్నలకు సమాధానాలు ఇవ్వండి. ఇప్పుడు ఆడండి! HMVని 86688 మరింత info:www.100percent-real.com కు పంపండి
ham,అభ్యంతరం లేదు. నా బిఎఫ్ రావడం లేదు.
ham,థాంక్స్...
ham,థియేటర్ లో తన ప్రేయసిని కొట్టమని రాబ్ కు చెప్పండి
ham,"అద్భుతం, నేను మిమ్మల్ని కాసేపట్లో కలుస్తాను"
ham,ఇప్పుడే పంపారు. కాబట్టి మీరు ఏ రకమైన ఆహారాన్ని ఇష్టపడతారు?
ham,అంతా అయిపోయిందా? అన్నీ అప్పగించారా? ఇంకా జోరుగా సంబరాలు?
ham,మిమ్మల్ని టూల్ అని పిలిచారా?
ham,\మీరు ఒకరిని మిస్ అవుతున్నారు
ham,సరే. ఎంత వరకు డబ్బు కావాలని అడిగాను.
ham,ఓకీ...
ham,"అవును, నిన్న రాత్రి నుండి నా సాధారణ వ్యక్తి ఇంకా వెళ్లిపోయాడని నేను అనుకుంటున్నాను, మీరు ఎవరైనా పట్టుకుంటే నాకు తెలియజేయండి మరియు నేను కిందకు విసిరేస్తాను"
ham,"K, నేను ఈ రాత్రికి రావచ్చు, అప్పుడు నా క్లాసు త్వరగా బయలుదేరితే"
ham,సరే..
ham,హాయ్ బేబీ నా గర్ల్ ఫ్రెండ్ తో మీరు ఏమి చేస్తున్నారు 2? అది బాగానే ఉంటే నాకు కాల్ చేసి ఇంట్లో గంట సేపు ఉండండి లేదా ఇప్పుడు నన్ను ఈ ఫోన్ మీద పడుకోబెట్టండి జెన్నీని ప్రేమించండి xxx
ham,"నా జీవితం నాకు చాలా ముఖ్యం, నేను నా జీవితాన్ని ప్రేమిస్తున్నాను కాబట్టి కాదు, కానీ నేను నా జీవితంలోని వ్యక్తులను ప్రేమిస్తున్నాను, ప్రపంచం వారిని స్నేహితులు అని పిలుస్తుంది, నేను వారిని నా ప్రపంచం అని పిలుస్తాను:-). జి:-).."
ham,"ప్రియమైన,టోనైట్.వీధిలో బిజీగా ఉంది.మీకు టోనైట్ అప్డేట్ చేస్తాను.పరిస్థితులు బాగానే ఉన్నాయి.వరుణనాథు ఏడుక్కాయి రక్షా ఒల్లు.కానీ నిజమైన అర్థంలో మంచిది."
ham,హేయ్ నీ పేరు గౌతమ్ కి చెప్పావా?
ham,హఫ్ మీరు అతన్ని కనుగొన్నారా? డా వి కామ్ చాలా తెలివితక్కువ పని చేస్తున్నాడని నేను భావిస్తున్నాను.
ham,అయ్యో. 4 మందికి ఆ బిట్ దొరికింది.
ham,మీరు ఇంత బుజీగా ఉన్నారా?
ham,అనుకోకుండా మెసేజ్ డిలీట్ చేశాను. దయచేసి తిరిగి పంపండి.
spam,T-మొబైల్ కస్టమర్ మీరు ఇప్పుడు మీ ఉచిత కెమెరా ఫోన్ అప్ గ్రేడ్ మరియు మీ విశ్వసనీయత కొరకు పే & గో సిమ్ కార్డును క్లెయిమ్ చేసుకోవచ్చు. 0845 021 3680 కు కాల్ చేయండి.ఆఫర్ ముగుస్తుంది 28వ తేదీ వెబ్.టి అండ్ సి దరఖాస్తు
spam,T-మొబైల్ కస్టమర్ మీరు ఇప్పుడు మీ ఉచిత కెమెరా ఫోన్ అప్ గ్రేడ్ మరియు మీ విశ్వసనీయత కొరకు పే & గో సిమ్ కార్డును క్లెయిమ్ చేసుకోవచ్చు. 0845 021 3680 కు కాల్ చేయండి.ఆఫర్ ముగుస్తుంది 28వ తేదీ వెబ్.టి అండ్ సి దరఖాస్తు
ham,నన్ను గాయపరిచాను... నన్ను ఆటపట్టించండి... నన్ను ఏడిపించండి... కానీ నా జీవిత చరమాంకంలో నా సమాధిపై ఒక గులాబీని ఉంచి మూర్ఖుడు ఐ మిస్ యు అని చెప్పండి.. మంచి రోజు BSLVYL
ham,నేను ఇప్పుడు ఫోన్ తీయలేను. దయచేసి సందేశాన్ని పంపండి
ham,కాఫీ రన్ టోమో కావాలా? ఇప్పటికే ఆ వారం సమయం అంటే నమ్మలేకపోతున్నా.
ham,"అద్భుతం, చివరిసారిగా డీజిల్ తో మనం ఎవరినైనా పైకి తెచ్చిన విషయం నాకు గుర్తుంది :V"
ham,"నిజంగా షాకింగ్ గా, భయానకంగా ఉన్న ఈ విషాన్ని ఒక్క క్షణం కూడా ఊహించలేం. రాత్రంతా నిద్రపోండి. టాక్సీలో తప్ప రాత్రికి నేను ఎక్కడైనా క్రాష్ చేయగలనని మీరు అనుకుంటున్నారా?"
ham,ఓహ్ మరియు మీరు మీ ఫ్రిజ్ లో ఎక్కువ ఆహారాన్ని కలిగి ఉన్నారు! ఈ రాత్రి భోజనం కోసం బయటకు వెళ్లాలనుకుంటున్నారా? 
ham,ఆయన అద్భుతమైన నటుడు.
spam,ఎస్ఎంఎస్.. ac బ్లైండ్ డేట్ 4U!: రాడ్స్ 1 యునైటెడ్ కింగ్ డమ్ లోని అబెర్డీన్ నుండి 21/మీ దూరంలో ఉంది. http://img ఆయన్ను చూడండి. ఎస్ఎంఎస్.. ac/W/icmb3cktz8r7!-4 అంధ తేదీలు HIDEను పంపవు
spam,ఎస్ఎంఎస్.. ac బ్లైండ్ డేట్ 4U!: రాడ్స్ 1 యునైటెడ్ కింగ్ డమ్ లోని అబెర్డీన్ నుండి 21/మీ దూరంలో ఉంది. http://img ఆయన్ను చూడండి. ఎస్ఎంఎస్.. ac/W/icmb3cktz8r7!-4 అంధ తేదీలు HIDEను పంపవు
ham,మీరు కలుస్తారా అని జోస్ అడుగుతారు?
ham,అవును. మా స్నేహం ఒక దారం మీద వేలాడుతోంది ఎందుకంటే మీరు వస్తువులు కొనలేరు.
spam,"థీమ్ మోబ్> మా తాజా కంటెంట్, గేమ్స్, టోన్స్, గాసిప్, బేబీస్ మరియు స్పోర్ట్ లను చూడండి, మీ మొబైల్ ను ఫిట్ గా ఉంచండి మరియు ఫంకీ టెక్స్ట్ WAPని 82468 కు ఉంచండి"
spam,"థీమ్ మోబ్> మా తాజా కంటెంట్, గేమ్స్, టోన్స్, గాసిప్, బేబీస్ మరియు స్పోర్ట్ లను చూడండి, మీ మొబైల్ ను ఫిట్ గా ఉంచండి మరియు ఫంకీ టెక్స్ట్ WAPని 82468 కు ఉంచండి"
ham,ఈ రోజు యాక్సెప్ట్ డే.. మీరు నన్ను ఇలా అంగీకరిస్తారా? బ్రదర్ సిస్టర్ లవర్ డియర్ 1 బెస్ట్ 1 క్లోస్1 ఎల్విబ్లెఫ్రండ్ జెస్ట్ఫ్రండ్ క్యూట్ఫ్రండ్ లిఫ్పార్ట్నర్ బెలోవ్డ్ స్వాట్హార్ట్ బ్స్ట్ఫ్రండ్ నో ఆర్ప్లై అంటే శత్రువు అని అర్థం.
spam,"మీ స్మార్ట్ అనుకుంటున్నారా ? మా వీక్లీ క్విజ్ లో ఈ వారం £200 గెలుచుకోండి, ఇప్పుడు 85222 కు టెక్స్ట్ ప్లే! T&Cs విన్నర్స్ క్లబ్ PO BOX 84, M26 3UZ. 16+. GBP1.50/వారానికి"
spam,"మీ స్మార్ట్ అనుకుంటున్నారా ? మా వీక్లీ క్విజ్ లో ఈ వారం £200 గెలుచుకోండి, ఇప్పుడు 85222 కు టెక్స్ట్ ప్లే! T&Cs విన్నర్స్ క్లబ్ PO BOX 84, M26 3UZ. 16+. GBP1.50/వారానికి"
ham,"హాయ్ నేను మీతో 2 రోజులు ఎలా ఉన్నానో, ఇది సాధారణ మార్గం మరియు ఇది నిజమైన నేను. UR ప్రత్యేకమైనది మరియు నా మిగిలిన జీవితం గురించి నాకు తెలుసు అని నేను ఆశిస్తున్నాను. వోట్ పోయిందని మీరు కనుగొంటారని ఆశిస్తున్నాను."
ham,మీరు నా రోజును సృష్టించారు. మంచి రోజు కూడా.
ham,కె.కె:) హ్యాపీ పొంగల్.
ham,"హ్మ్మ్... మనం 4 కెబి పవర్ యోగా చేయవచ్చని ఊహించండి... హహ, మనం పవర్ యోగా చేయలేము... మీకే అర్థమైంది, మర్చిపోయాను..."
ham,"నిజంగా స్నేహితులు లేరు, నేను భయపడుతున్నాను :("
spam,డిసెంబర్ మాత్రమే! మీ మొబైల్ 11 మీటర్లు+ ఉందా? లేటెస్ట్ కలర్ కెమెరా మొబైల్ ని ఉచితంగా అప్ డేట్ చేసుకోవచ్చు! మొబైల్ అప్ డేట్ కోకు ఉచితంగా కాల్ 08002986906
spam,డిసెంబర్ మాత్రమే! మీ మొబైల్ 11 మీటర్లు+ ఉందా? లేటెస్ట్ కలర్ కెమెరా మొబైల్ ని ఉచితంగా అప్ డేట్ చేసుకోవచ్చు! మొబైల్ అప్ డేట్ కోకు ఉచితంగా కాల్ 08002986906
ham,"మీకు కూడా క్రిస్మస్ శుభాకాంక్షలు బేబీ, ఐ లవ్ యూ *కిస్ లు*"
ham,హే... మనం ఎక్స్ మెన్ ని చూసి లంచ్ ఎందుకు చేయకూడదు... హాహా 
ham,2 బస్సులు నిండాయి మరియు నేను ఇంకా 4 1 లో వేచి ఉన్నాను. Pete x
ham,అది చాలా బాగుంటుంది. మేము గిల్డ్ లో ఉంటాము. బ్రిస్టల్ రోడ్డులో లేదా ఎక్కడైనా కలుసుకోవచ్చు - వారాంతంలో సంప్రదింపులు జరుపుతారు. మా ప్లాన్స్ ఫ్లైట్ ఎక్కుతాయి! మంచి వారం కావాలి
ham,ఇబ్బంది లేదు. మీరు ఎలా చేస్తున్నావు?
ham,నో కాల్స్.. సందేశాలు.. మిస్డ్ కాల్స్
ham,హాయ్ డా:) నేటి తరగతి ఎలా ఉంది?
ham,"ఇది మంచి సంకేతమని నేను చెబుతాను, కానీ, మహిళలను చదవడంలో నా ట్రాక్ రికార్డ్ మీకు తెలుసు"
ham,"బాగుంది, మీరు పార్క్ చేసినప్పుడు నాకు మెసేజ్ చేయండి"
ham,నేను మీకు పంపిన టెక్స్ట్ చదువుతున్నాను. ఇది ఒక జోక్ అని ఉద్దేశించబడింది. కాబట్టి ఆ వెలుగులో చదవండి.
ham,కె.కె:) అపో కె.మంచి సినిమా.
ham,టోమోలో బుక్ తీసి వెంటనే రిటర్న్ చేయొచ్చేమో..!? లేదా మరేదైనా.
spam,జర్మనీకి నిమిషానికి ఒక్క పెన్స్ మాత్రమే ఇవ్వండి! 0844 861 85 85 యాక్సెస్ నంబర్ ద్వారా ఫిక్స్ డ్ లైన్ నుంచి కాల్ చేయండి. ముందస్తు చెల్లింపు లేదు. డైరెక్ట్ యాక్సెస్!
spam,జర్మనీకి నిమిషానికి ఒక్క పెన్స్ మాత్రమే ఇవ్వండి! 0844 861 85 85 యాక్సెస్ నంబర్ ద్వారా ఫిక్స్ డ్ లైన్ నుంచి కాల్ చేయండి. ముందస్తు చెల్లింపు లేదు. డైరెక్ట్ యాక్సెస్!
spam,వాలెంటైన్స్ డే స్పెషల్! మా క్విజ్ లో £1000 గెలుచుకోండి మరియు మీ భాగస్వామిని జీవితకాల యాత్రకు తీసుకెళ్లండి! ఇప్పుడు 83600కు జీవో పంపండి. 150p/msg rcvd. కస్ట్ కేర్: 08718720201.
spam,వాలెంటైన్స్ డే స్పెషల్! మా క్విజ్ లో £1000 గెలుచుకోండి మరియు మీ భాగస్వామిని జీవితకాల యాత్రకు తీసుకెళ్లండి! ఇప్పుడు 83600కు జీవో పంపండి. 150p/msg rcvd. కస్ట్ కేర్: 08718720201.
ham,చల్లార్చు. ఇంతకు ముందు మీరు ఎందుకు గెలవలేదు మరియు భోజనం చేయలేదు?
ham,జస్ట్ నిద్ర.. మరియు సర్ఫింగ్
ham,"క్షమించండి, నేను తరువాత కాల్ చేస్తాను"
ham,నన్ను పిలిచింది కరెక్టేనా? నా హ్యాండ్ ఫోన్ కు కాల్ చేయండి...
ham,సరే అది చాలా బాగుంది.
ham,అప్పుడు ఆ పోస్ట్ వచ్చిందని అనుకుంటున్నాను! మీకు ఇప్పుడు 1000 ల గ్రంథాలు ఉండాలి! హ్యాపీ రీడింగ్. చివర్లో ఉన్న వివ్ హలో కరోలిన్ నుండి నాది నా ఫేవరెట్. ఆయనను ఆశీర్వదించండి
ham,అపరిచితుడు ఎక్కడ దాక్కున్నావు?
ham,అలా చేయడానికి ఆసక్తి చూపడం లేదు.
ham,నా సోదరి నిన్న బిర్లా సాఫ్ట్ లో రెండు రౌండ్లు క్లియర్ చేసింది.
ham,గుడ్నైట్.... టీసీ... కొనసాగుతున్న ప్రాక్టీస్
ham,డిస్ అంటే యిజుయే. నేను మీ మెయిల్ చూశాను. ఒకవేళ హ్యూమింగ్ మీకు నా నెంబరు పంపకపోతే. డిస్ అనేది నా నం.
ham,ఇప్పుడు ఒక చిన్న ప్రెస్టీజ్ ప్రాబ్లమ్.
spam,షాగ్ ను ఫ్యాన్సీ చేస్తున్నారా? నేను చేస్తా. ఆసక్తిగా ఉందా? Txt XXUK SUZYని 69876కు sextextuk.com. టిఎక్స్ టిలు ఎంఎస్ జికి 1.50 ఖర్చు అవుతాయి. వెబ్సైట్లో టీఎన్సీలు.. X
spam,షాగ్ ను ఫ్యాన్సీ చేస్తున్నారా? నేను చేస్తా. ఆసక్తిగా ఉందా? Txt XXUK SUZYని 69876కు sextextuk.com. టిఎక్స్ టిలు ఎంఎస్ జికి 1.50 ఖర్చు అవుతాయి. వెబ్సైట్లో టీఎన్సీలు.. X
ham,"లేదు అక్కడ మీకు సహాయం చేయలేను, నా వద్ద ఎప్పుడూ ఐఫోన్ లేదు"
ham,గంటన్నరలో నువ్వు నా కారులో లేకపోతే నేను వెళ్లిపోతాను.
ham,"ఈ రోజు సారీ డే.! ఎప్పుడైనా నీ మీద కోపం వస్తే, నీతో అసభ్యంగా ప్రవర్తించినా, బాధపెట్టినా? దయచేసి మిమ్మల్ని చెంపదెబ్బ కొట్టండి ఎందుకంటే, ఇది మీ తప్పు, నేను బేసిక్ గా మంచివాడిని"
ham,మనకు ఆల్కహాల్ ఎంత అవసరమో మీరు ఎప్పుడైనా కనుగొన్నారా? జే మరియు నేను కలుపు కోసం సురక్షితంగా ఎంత ఖర్చు చేయవచ్చో తెలుసుకోవడానికి ప్రయత్నిస్తున్నాము
ham,&lt;#&gt; ISH నిమిషాలు 5 నిమిషాల క్రితం జరిగింది. WTF.
ham,"కాల్ చేసినందుకు ధన్యవాదాలు. మీకు ఓనం శుభాకాంక్షలు చెప్పడం మర్చిపోయాను సర్జీ.నేను ఇక్కడ బాగానే ఉన్నాను మరియు ఒక బీమా వ్యక్తిని కలిసినప్పుడు మిమ్మల్ని గుర్తు చేసుకున్నాను. ఖతార్ లో మిమ్మల్ని కలవండి ఇన్షా అల్లా.టిస్కోలో చేరిన మాజీ టాటా ఎఐజి రఖేష్, తైసీర్."
spam,మీకు 500 సిడి వోచర్లు లేదా 125గిఫ్ట్ గ్యారంటీ మరియు ఉచిత ప్రవేశం 2 100 వారాలకు 87066 టిఎన్ సిలకు టిఎక్స్ టి మ్యూజిక్ ను డ్రా చేసినందుకు అభినందనలు. Ldew.com1win150ppmx3age16
spam,మీకు 500 సిడి వోచర్లు లేదా 125గిఫ్ట్ గ్యారంటీ మరియు ఉచిత ప్రవేశం 2 100 వారాలకు 87066 టిఎన్ సిలకు టిఎక్స్ టి మ్యూజిక్ ను డ్రా చేసినందుకు అభినందనలు. Ldew.com1win150ppmx3age16
spam,మీ క్యాష్ బ్యాలెన్స్ ప్రస్తుతం 500 పౌండ్లు - మీ క్యాష్-ఇన్ ను పెంచడానికి ఇప్పుడు 86688కు కేవలం 150p/msg మాత్రమే క్యాష్ ని పంపండి. CC: 08708800282 HG/సూట్342/2Lands Row/W1J6HL
spam,మీ క్యాష్ బ్యాలెన్స్ ప్రస్తుతం 500 పౌండ్లు - మీ క్యాష్-ఇన్ ను పెంచడానికి ఇప్పుడు 86688కు కేవలం 150p/msg మాత్రమే క్యాష్ ని పంపండి. CC: 08708800282 HG/సూట్342/2Lands Row/W1J6HL
ham,"హలో! ఇప్పుడే ఇక్కడికి వచ్చాను, సెయింట్ ఆండ్రూస్-బాయ్ ఇది చాలా దూరం! చల్లగా ఉంది. నేను మిమ్మల్ని పోస్ట్ చేస్తాను"
ham,హ హ కూల్ చిక్కు చిక్కు :-):-D బి-)
ham,అయ్యో నో ప్రోబ్..
ham,ఇప్పుడే ఆడ్రీ స్టేటస్ చెక్ చేయండి
ham,ఇక్కడ బిజీ. కొత్త సంవత్సరానికి ముగింపు పలికేందుకు ప్రయత్నిస్తున్నారు. ఎట్టకేలకు మిమ్మల్ని కలుసుకోవడానికి ఎదురుచూస్తున్నాను...
ham,"గుడ్ మధ్యాహ్నం సూర్యరశ్మి! ఆ రోజు ఎలా ఉంది ? మనం ఉల్లాసంగా, సజీవంగా ఉన్నందుకు సంతోషంగా ఉన్నామా? మనం గాలి పీల్చి నవ్వుతున్నామా ? నేను నిన్ను తలచుకుంటున్నాను, నా ప్రేమ ... ఎప్పటిలాగే.."
ham,జెడ్ నన్ను జాగ్రత్తగా చూసుకుంటాడని నాకు తెలుసు. కాబట్టి కంగారు పడకండి.
spam,"Update_Now - క్రిస్మస్ ఆఫర్! లేటెస్ట్ మోటరోలా, సోనీ ఎరిక్సన్ & నోకియా & ఉచిత బ్లూటూత్! ఆరెంజ్ పై డబుల్ మిన్స్ & 1000 Txt. 08000839402 మొబైల్ అప్ 8 కు కాల్ చేయండి లేదా కాల్ 2ఆప్టౌట్/F4Q="
spam,"Update_Now - క్రిస్మస్ ఆఫర్! లేటెస్ట్ మోటరోలా, సోనీ ఎరిక్సన్ & నోకియా & ఉచిత బ్లూటూత్! ఆరెంజ్ పై డబుల్ మిన్స్ & 1000 Txt. 08000839402 మొబైల్ అప్ 8 కు కాల్ చేయండి లేదా కాల్ 2ఆప్టౌట్/F4Q="
spam,ఇదిగో మీ డిస్కౌంట్ కోడ్ RP176781. తదుపరి సందేశాలను ఆపడానికి రిప్లై ఆపండి. www.regalportfolio.co.uk. కస్టమర్ సర్వీసెస్ 08717205546
spam,ఇదిగో మీ డిస్కౌంట్ కోడ్ RP176781. తదుపరి సందేశాలను ఆపడానికి రిప్లై ఆపండి. www.regalportfolio.co.uk. కస్టమర్ సర్వీసెస్ 08717205546
ham,"బాగుంది, మీరు సిద్ధంగా ఉన్నప్పుడు నాకు మెసేజ్ చేయండి"
ham,"హలో మై బాయ్ టాయ్ ... గీయీ నేను ఇప్పటికే మిమ్మల్ని మిస్ అవుతున్నాను మరియు నేను ఇప్పుడే మేల్కొన్నాను. మీరు నాతో మంచం మీద ఉంటే బాగుండేది, నన్ను కౌగిలించుకుంటున్నాను. నేను నిన్ను ప్రేమిస్తున్నాను..."
ham,నేను నిన్ను మంచం మీద కూడా చెడగొడతాను:)
ham,నేను స్నానానికి వెళ్తున్నాను &lt; #&gt; నిమిషం..
ham,ప్రజలు ధరను అంగీకరిస్తే నేను చెల్లించగలననే నమ్మకం లేకపోతే నేను వారితో మాట్లాడలేను. కాబట్టి మీరు నిజంగా ఏమి కొనాలనుకుంటున్నారో మరియు మీరు ఎంత చెల్లించడానికి సిద్ధంగా ఉన్నారో దయచేసి నాకు చెప్పండి
spam,"మీ రింగ్ టోన్ ఆర్డర్ కు ధన్యవాదాలు, రిఫరెన్స్ T91. మీకు వారానికి జిబిపి 4 ఛార్జ్ చేయబడుతుంది. 09057039994 లో కస్టమర్ సేవలకు కాల్ చేయడం ద్వారా మీరు ఎప్పుడైనా అన్ సబ్ స్క్రైబ్ చేయవచ్చు."
spam,"మీ రింగ్ టోన్ ఆర్డర్ కు ధన్యవాదాలు, రిఫరెన్స్ T91. మీకు వారానికి జిబిపి 4 ఛార్జ్ చేయబడుతుంది. 09057039994 లో కస్టమర్ సేవలకు కాల్ చేయడం ద్వారా మీరు ఎప్పుడైనా అన్ సబ్ స్క్రైబ్ చేయవచ్చు."
ham,మీరు నన్ను చూసి ఉండొచ్చు.. నేను నిన్ను గుర్తుపట్టలేదు ఫేస్.:)
ham,న్యూ ఇయర్ సందర్భంగా లిండ్సేలో చాలా విషయాలు జరగడం లేదు *నిట్టూర్పులు * పిటిబోలోని కొన్ని బార్లు మరియు బ్లూ హెరాన్ లో ఏదో జరుగుతోంది
ham,రిను తీసుకువస్తే నా పాయసం అక్కడే ఉంచండి
ham,రంజిత్ సార్ నన్ను పిలిచారని చెప్పాను. అలా ఎస్ఎంఎస్ లు మాత్రమే ఇస్తున్నాను. ప్రాజెక్ట్ గురించి బెకాస్ వెరిఫై చేస్తున్నాడు. నన్ను తప్పు పట్టొద్దు అని ప్రభు ఈ రోజు చెప్పాడు..
ham,"అందుకే మీరు ఆందోళన చెందుతున్నారని నేను అనుకుంటున్నాను. శరీరం తనను తాను రిపేర్ చేసుకోవడానికి ఒక మార్గం ఉందని మీరు తెలుసుకోవాలి. మీరు ఆందోళన చెందాల్సిన అవసరం లేదని నేను ఖచ్చితంగా అనుకుంటున్నాను. మేము దానిని నెమ్మదిగా తీసుకుంటాము. మొదట పరీక్షలు, మీ అండోత్సర్గము ఎప్పుడు ఉందో వారు మార్గనిర్దేశం చేస్తారు, ఆపై విశ్రాంతి తీసుకోండి. మీరు చెప్పిన ఏదీ ఆందోళనకు కారణం కాదు, కానీ నేను మిమ్మల్ని అనుసరిస్తూనే ఉంటాను."
ham,"అవును ఖచ్చితంగా, నా పర్సును ట్రాక్ చేయడానికి నాకు రెండు నిమిషాలు ఇవ్వండి"
ham,హేయ్ వదిలేయండి. పెద్ద విషయం కాదు :-) జాగ్రత్త వహించండి.
ham,హేయ్ లేటుగా వస్తాను... 945+ వద్ద కలుద్దాం
spam,"ఆరెంజ్ లో డబుల్ మిన్స్ మరియు టీఎక్స్ టి 4 ఉచిత బ్లూటూత్. సోనీ, నోకియా మోటరోలా ఫోన్లలో లభిస్తుంది. 08000839402 మొబైల్ అప్ 8 కు కాల్ చేయండి లేదా కాల్2ఆప్టౌట్/N9DXకు కాల్ చేయండి"
spam,"ఆరెంజ్ లో డబుల్ మిన్స్ మరియు టీఎక్స్ టి 4 ఉచిత బ్లూటూత్. సోనీ, నోకియా మోటరోలా ఫోన్లలో లభిస్తుంది. 08000839402 మొబైల్ అప్ 8 కు కాల్ చేయండి లేదా కాల్2ఆప్టౌట్/N9DXకు కాల్ చేయండి"
ham,కస్టమర్ ప్లేస్ నేను మీకు కాల్ చేస్తాను.
ham,ఆ సమయంలో మీకు సరదా నచ్చదు
spam,ఆరెంజ్ లైన్ రెంటల్ & లేటెస్ట్ కెమెరా ఫోన్లు 4 ఉచితం. మీ ఫోన్ 11 మీటర్లు ఉందా? కాల్ మొబైల్స్ ఇప్పుడు అప్ డేట్ చేయడానికి 08000938767 లో ఉచితంగా డైరెక్ట్ చేయండి! or2stoptxt
spam,ఆరెంజ్ లైన్ రెంటల్ & లేటెస్ట్ కెమెరా ఫోన్లు 4 ఉచితం. మీ ఫోన్ 11 మీటర్లు ఉందా? కాల్ మొబైల్స్ ఇప్పుడు అప్ డేట్ చేయడానికి 08000938767 లో ఉచితంగా డైరెక్ట్ చేయండి! or2stoptxt
ham,చాలా ఆలస్యమైంది... విందు ఎప్పుడు?
ham,హేయ్ ఇది కూర్చొని మనం ఇంట్రో పైలేట్స్ కు మాత్రమే వెళ్తున్నామా? లేక కిక్ బాక్సింగ్ కూడానా? 
ham,పొద్దున్నే ఓకే చెప్పగలను.
ham,"అవుననే అనుకుంటున్నాను. నేను ఆఫీసులో ఉన్నాను కానీ నా ఒడి గదిలో ఉంది, ఇది గత కొన్ని రోజులుగా కొనసాగుతోంది. నేను దాన్ని మూసివేయలేదు."
ham,7.30 నిమిషాలకు మిమ్మల్ని ఎత్తుకోండి? ఏ సమయం ఉంది మరియు అది వెళుతుంది?
ham,ఇక్కడి నుంచి ప్రతి రెండు నెలలకు ఒకసారి పర్ఫార్మెన్స్ అవార్డ్ లెక్కిస్తారు.ప్రస్తుత నెల కాలానికి కాదు..
ham,నిజంగా నిద్రపోతున్నాను మరియు మీరు తిరిగి కాల్ చేసినప్పుడు ఇంకా ఉండవచ్చు. కాబట్టి ఒక టెక్స్ట్ GR8. మీరు రాక్ సిస్. నేను మేల్కొన్నప్పుడు మీకు ఒక సందేశం పంపుతాను.
ham,"మీరు ఎల్లప్పుడూ మీ వ్యాపారాన్ని అక్కడే ఉంచుతారు. మీ గాడిద ఫొటోలను ఫేస్ బుక్ లో పెడతారు. నేను కలిసిన అత్యంత ఓపెన్ పర్సన్స్ లో మీరు ఒకరు. మీ గది ఫోటో మిమ్మల్ని బాధపెడుతుందని, ఉల్లంఘించిన భావన కలిగిస్తుందని నేను ఎందుకు అనుకుంటున్నాను."
ham,"గుడ్ ఈవెనింగ్ సర్, అల్ సలాం వాహ్లిక్కుమ్.ఒక సంతోషకరమైన వార్తను పంచుకుంటున్నారు. దేవుడి దయవల్ల తయ్యర్ టిస్కో నుంచి ఆఫర్ రావడంతో ఉద్యోగంలో చేరాను. మీరు బాగున్నారని ఆశిస్తున్నాను. ఇన్షా అల్లాహ్, ఎప్పుడైనా కలుద్దాం. భారత్ నుంచి వచ్చిన రాకేష్.."
ham,హ్మ్మ్... k... కానీ నేను ఫీల్డ్ ని త్వరగా మార్చాలనుకుంటున్నాను డా:-)నేను సిస్టమ్ అడ్మినిస్ట్రేటర్ లేదా నెట్ వర్క్ అడ్మినిస్ట్రేటర్ ని పొందాలనుకుంటున్నాను..
spam,"ఉచిత రింగ్ టోన్ టెక్స్ట్ మొదట పాలీ కోసం 87131 కు లేదా నిజమైన టోన్ కోసం 87131 కు పొందండి! సహాయం చేయు? 0845 2814032 16 మొదటి ఉచితం తరువాత, టోన్ లు 3xå£150pw నుంచి నిలిపివేయడానికి 3xå£150pw"
spam,"ఉచిత రింగ్ టోన్ టెక్స్ట్ మొదట పాలీ కోసం 87131 కు లేదా నిజమైన టోన్ కోసం 87131 కు పొందండి! సహాయం చేయు? 0845 2814032 16 మొదటి ఉచితం తరువాత, టోన్ లు 3xå£150pw నుంచి నిలిపివేయడానికి 3xå£150pw"
ham,హెయిర్ క్రీమ్ రవాణా చేయబడలేదు.
ham,మీరు ఇక్కడికి వచ్చే వరకు అవేవీ జరగడం లేదు.
ham,"అవును, &lt; #&gt; యొక్క గొప్ప లోక్సాహట్చీ క్రిస్మస్ చెట్టు దహనం ఒక గంటలో ప్రారంభమవుతుంది"
ham,"హాహా యూఎస్ఎఫ్ మనిషికి డ్రైవింగ్ అలవాటు చేసుకోండి, నాకు చాలా మంది స్టోనర్లు తెలుసు"
ham,నా ఫావ్ డార్లింగ్స్ తో ఈ పీఎంలో కొంచెం డిజాస్టర్ క్లాస్ వరకు అంతా బాగానే ఉంది! హోప్ డే ఆఫ్ ఓకే. రేపు లేటుగా ఉండలేం కాబట్టి కాఫీ బాగుంటుంది. ఎప్పటిలాగే అదే సమయం + ప్రదేశం?
ham,హలో! గుడ్ వీక్? తరువాత డ్రింక్ లేదా మరేదైనా కావాలా?
ham,బస్ టాప్ వైపుకు వెళ్లండి
ham,సందేశం:కొన్ని టెక్స్ట్ మిస్సింగ్ * పంపే వ్యక్తి:పేరు తప్పిపోయింది* *నంబర్ మిస్సింగ్ *పంపినది:డేట్ మిస్సింగ్ *మిస్సింగ్ యూ చాలా మిస్సింగ్ యూ fullonsms.com
ham,ఏదో ఒక సమయంలో మా గదికి రండి కాబట్టి ఈ వారాంతానికి మనం ప్రణాళికను సిద్ధం చేసుకోవచ్చు
ham,ఎందుకంటే అది నీ విషయం కావాలని కోరుకుంటున్నాను.
ham,"ఓకీస్... నేను కూడా వెళతాను... మనం ఎఆర్ డి ఓసోను దాటవేయవచ్చు, గో సినీ డెన్ గో మిస్టర్ వన్, బ్లాహ్ బ్లాహ్... "
ham,ఇంటికి కొంత వెండీ =D తీసుకురండి
spam,100 డేటింగ్ సర్వీస్ కాల్; l 09064012103 box334sk38ch
spam,100 డేటింగ్ సర్వీస్ కాల్; l 09064012103 box334sk38ch
ham,సరే ఇప్పుడు నాకో కొత్త లక్ష్యం ఉంది.
spam,మా £250 వీక్లీ కాంపిటీషన్ లో ఉచిత ప్రవేశం కేవలం విన్ అనే పదాన్ని 80086 నౌకు టెక్స్ట్ చేయండి. 18 టీ అండ్ సీ www.txttowin.co.uk
spam,మా £250 వీక్లీ కాంపిటీషన్ లో ఉచిత ప్రవేశం కేవలం విన్ అనే పదాన్ని 80086 నౌకు టెక్స్ట్ చేయండి. 18 టీ అండ్ సీ www.txttowin.co.uk
spam,లోగో పంపండి 2 మీ ప్రేమికుడు - హృదయంతో కలిపిన 2 పేర్లు. Txt Love Name1 Name2 Mobno ఉదా: లవ్ ఆడమ్ ఈవ్ 07123456789 to 87077 Yahoo! POBox36504W45WQ TxtNO 4 no ads 150p
spam,లోగో పంపండి 2 మీ ప్రేమికుడు - హృదయంతో కలిపిన 2 పేర్లు. Txt Love Name1 Name2 Mobno ఉదా: లవ్ ఆడమ్ ఈవ్ 07123456789 to 87077 Yahoo! POBox36504W45WQ TxtNO 4 no ads 150p
spam,ఎవరో మా డేటింగ్ సర్వీస్ ను సంప్రదించారు మరియు మీ ఫోన్ లోకి ప్రవేశించారు ఎందుకంటే వారు మిమ్మల్ని ఇష్టపడతారు! ల్యాండ్ లైన్ 09111032124 నుంచి ఎవరెవరికి కాల్ చేస్తున్నారో తెలుసుకోవాలంటే.. PoBox12n146tf150p
spam,ఎవరో మా డేటింగ్ సర్వీస్ ను సంప్రదించారు మరియు మీ ఫోన్ లోకి ప్రవేశించారు ఎందుకంటే వారు మిమ్మల్ని ఇష్టపడతారు! ల్యాండ్ లైన్ 09111032124 నుంచి ఎవరెవరికి కాల్ చేస్తున్నారో తెలుసుకోవాలంటే.. PoBox12n146tf150p
spam,అత్యవసరం! మీ మొబైల్ నెంబరుకు £2000 ప్రైజ్ గ్యారంటీ ఇవ్వబడింది. ల్యాండ్ లైన్ నుంచి 09058094455 కు కాల్ చేయండి. క్లెయిమ్ 3030. చెల్లుబాటు అయ్యే 12 గంటలు మాత్రమే
spam,అత్యవసరం! మీ మొబైల్ నెంబరుకు £2000 ప్రైజ్ గ్యారంటీ ఇవ్వబడింది. ల్యాండ్ లైన్ నుంచి 09058094455 కు కాల్ చేయండి. క్లెయిమ్ 3030. చెల్లుబాటు అయ్యే 12 గంటలు మాత్రమే
ham,సరే. ఆమె బాగానే ఉంటుంది. నేను ఊహిస్తున్నాను
ham,ఆతి.. ఎక్కడున్నావ్ డియర్..
ham,మూత్ర విసర్జనపై ఏమైనా నొప్పి ఉందా?
ham,ఎస్ప్లానేడ్ వద్ద 7.. ఈ రోజు నాకు కారు లేదు కాబట్టి నాకు లిఫ్ట్ ఇవ్వడానికి Ì_ అభ్యంతరం లేదు..
ham,నేను అత్యవసరంగా బిఎమ్ డబ్ల్యూ కారు కొనాలని అనుకోలేదు.. ఇది అత్యవసరం. కానీ &lt;#&gt; లక్షల కొరత ఉంది. &lt;#&gt; లక్షలు.. అదే నా ప్రోబ్
ham,ఇంట్లో టీవీ చూస్తూ..
ham,అవును లేదా కాదు అనే ప్రశ్నకు సమాధానం ఇవ్వడానికి ఆమె సాధారణంగా పదిహేను నిమిషాలు తీసుకుంటుందా
spam,కంగ్రాట్స్! నోకియా 3650 వీడియో కెమెరా ఫోన్ మీ కాల్ 09066382422 కాల్స్ ధర 150 పిపిఎమ్ అవే కాల్ 3 నిమిషాలు మొబైల్స్ నుండి మారుతూ ఉంటాయి 16+ క్లోజ్ 300603 పోస్ట్ BCM4284 Ldn WC1N3XX
spam,కంగ్రాట్స్! నోకియా 3650 వీడియో కెమెరా ఫోన్ మీ కాల్ 09066382422 కాల్స్ ధర 150 పిపిఎమ్ అవే కాల్ 3 నిమిషాలు మొబైల్స్ నుండి మారుతూ ఉంటాయి 16+ క్లోజ్ 300603 పోస్ట్ BCM4284 Ldn WC1N3XX
ham,మీరు ఇప్పుడు అందుబాటులో ఉన్నారా? నేను హిల్స్ బరో మరియు &lt; #&gt; చుట్టూ ఉన్నాను
ham,పంపిన సందేశం &lt; #&gt; డాలర్లు. నేను &lt;#&gt; లేదా &lt;#&gt; చెల్లించాలా?
ham,"జి లేదా ఐయోరీని అడగండి, నేను ఇప్పటికే పదిసార్లు కథ చెప్పాను"
ham,ఆపిల్బీస్కు ఎంత సమయం పడుతుంది
ham,"హాయ్ ఈ ప్రయాణం మీకు లభిస్తుందని ఆశిస్తున్నాను, ఇప్పుడు సుమారు 50 నిమిషాలు ఆలస్యంగా ఉందని నేను అనుకుంటున్నాను."
ham,కానీ చేయాలి. నాకు ప్రేమ మరియు ఏర్పాట్లు చేయడం ఇష్టం.
ham,అవును.. ఆయన నిజంగా గ్రేట్.. ప్రపంచంలో సచిన్ తర్వాత అత్యుత్తమ క్రికెటర్ అయిన కల్లిస్ కు ఔటవ్వడం చాలా కష్టమని భజీ అన్నాడు.
ham,మీరు నన్ను మేల్కొల్పాలి&gt;:(
ham,ఓఐసీ... నేను కూడా ఆయన్ని చూశాను కానీ... నాకు ఒక సమూహం దొరికింది...
ham,"క్షమించండి, నేను తరువాత కాల్ చేస్తాను"
ham,\హే హేయ్ మాంకీస్ ప్రజలు మేము కోతులు అని చెబుతాము! హౌడీ బ్యూటిఫుల్
ham,"క్షమించండి, నా బ్యాటరీ చనిపోయింది, నేను రాగలను, కానీ నేను ప్రస్తుతానికి ఒక గ్రాము మాత్రమే పొందుతున్నాను, మీ స్థలం ఎక్కడ ఉంది?"
ham,"బాగా చేశాను, బ్లిమీ, వ్యాయామం, అవును, నాకు గుర్తుంది, అంటే, హ్మ్మ్. "
ham,"నాకు ఏకాగ్రత రాదు డియర్ నీవే నా మనసు, అన్నీ నీకు తెలుసు :-)"
ham,LOL ... న్యూ ఇయర్ కోసం ప్లాన్ చేశారా?
ham,10 నిమిషాల తర్వాత...
ham,విపరీతంగా హంగామా!
ham,ఈ రోజు మీకు మంచి రోజు ఉందని ఆశించినందుకు ధన్యవాదాలు
ham,K:)k:)మీరు బదిలీ చేయదలిచిన వివరాలు ఏమిటి?acc సరిపోదా?
ham,"సరే ఆమెను బయట ఉండమని చెబుతాను. అవును ఇది కఠినంగా ఉంది, కానీ ఈ నెలలో పరిస్థితులు మెరుగుపడతాయని మేము ఆశాభావంతో ఉన్నాము."
spam,"ఏదైనా ప్రయోజనం కోసం £500 - £75,000 వరకు రుణం లభిస్తుంది. ఇంటి యజమానులు + అద్దెదారులు స్వాగతం. మీరు ఇంతకు ముందు తిరస్కరించబడ్డారా? మేము ఇంకా సహాయం చేయగలము. ఉచిత 0800 1956669 కు కాల్ చేయండి లేదా 'హెల్ప్' కు టెక్స్ట్ బ్యాక్ చేయండి"
spam,"ఏదైనా ప్రయోజనం కోసం £500 - £75,000 వరకు రుణం లభిస్తుంది. ఇంటి యజమానులు + అద్దెదారులు స్వాగతం. మీరు ఇంతకు ముందు తిరస్కరించబడ్డారా? మేము ఇంకా సహాయం చేయగలము. ఉచిత 0800 1956669 కు కాల్ చేయండి లేదా 'హెల్ప్' కు టెక్స్ట్ బ్యాక్ చేయండి"
ham,"అమీ యురే ఒక అందమైన, తెలివైన మహిళను చూడండి మరియు నేను మిమ్మల్ని చాలా ఇష్టపడతాను. నాకు తెలుసు మీరు నన్ను ఇష్టపడతారని నాకు తెలుసు, కాబట్టి డోనా ఆందోళన చెందవద్దు."
ham,మీరు స్థిరంగా తెలివితేటలు మరియు దయతో ఉండటం యొక్క ఫలితం అని నేను ఆశిస్తున్నాను. ప్రాక్టికల్ లింకుల గురించి అతన్ని అడగడం ప్రారంభించండి మరియు మీ చెవులను తెరిచి ఉంచండి మరియు ఆల్ ది బెస్ట్. ttyl
ham,"1.20 ఆ కాల్ ఖర్చు. అది చెడ్డది కాదనుకుంటాను. మిస్ యా, నీ అవసరం, కావల్, లవ్ యూ"
ham,చాలా భిన్నమైన అనుభూతితో ముందుకు సాగడం.నిర్ణయాలు తీసుకోవడం మరియు వాటిని ఎదుర్కోవడం ఒకటే వ్యక్తి.కాలం నేను నమ్మే ప్రతిదాన్ని నయం చేస్తుంది.
ham,మీరు ఎక్కడకు వెళ్ళారు? నా ఫోన్ చచ్చిపోతుంది నువ్వు ఇక్కడే వుండాలి
ham,గొప్ప. ఎప్పుడూ బెటర్ కాదు. ప్రతిరోజూ దేవునికి కృతజ్ఞతలు చెప్పడానికి మరిన్ని కారణాలను ఇస్తుంది
spam,"UpgrdCentre ఆరెంజ్ కస్టమర్, మీరు ఇప్పుడు మీ విశ్వసనీయత కొరకు మీ ఉచిత కెమెరా ఫోన్ అప్ గ్రేడ్ ని క్లెయిమ్ చేసుకోవచ్చు. ఇప్పుడు 0207 153 9153 కు కాల్ చేయండి. ఈ ఆఫర్ జూలై 26తో ముగుస్తుంది. టీ అండ్ సీలు వర్తిస్తాయి. అందుబాటులో ఉన్న ఆప్ట్ అవుట్"
spam,"UpgrdCentre ఆరెంజ్ కస్టమర్, మీరు ఇప్పుడు మీ విశ్వసనీయత కొరకు మీ ఉచిత కెమెరా ఫోన్ అప్ గ్రేడ్ ని క్లెయిమ్ చేసుకోవచ్చు. ఇప్పుడు 0207 153 9153 కు కాల్ చేయండి. ఈ ఆఫర్ జూలై 26తో ముగుస్తుంది. టీ అండ్ సీలు వర్తిస్తాయి. అందుబాటులో ఉన్న ఆప్ట్ అవుట్"
ham,సరే నేను రైల్వే వెళ్తున్నాను.
ham,గొప్ప యువరాణి! మౌఖికంగా ఇవ్వడం మరియు స్వీకరించడం నాకు చాలా ఇష్టం. డాగ్గీ స్టైల్ నా ఫావ్ పొజిషన్. మరి మీరు ఎలా ఉన్నారు? రాత్రిపూట &lt;#&gt; సార్లు ప్రేమించడాన్ని నేను ఆస్వాదిస్తాను:)
ham,ఆ వస్తువు అక్కడ జారిపోకుండా ఉండేందుకు రోడ్లపై పెట్టడం లేదా?
ham,మీరు మీ బైక్ ను ఎప్పుడు నడపబోతున్నారు?
ham,"అవును, అవసరం లేదు. నేను 4 e వర్షం 2 స్టాప్ కోసం వేచి ఉంటాను."
ham,చాలా కంపెనీలు ఉన్నాయి. భాష చెప్పండి.
spam,ఓక్ మెయిల్: ప్రియమైన డేవ్ మీ 4* టెనెరిఫే హాలిడే లేదా #5000 క్యాష్ అవార్డును సేకరించడానికి ఇది మీ చివరి నోటీసు! ల్యాండ్ లైన్ నుంచి 09061743806 కు కాల్ చేయండి. TCs SAE Box326 CW25WX 150ppm
spam,ఓక్ మెయిల్: ప్రియమైన డేవ్ మీ 4* టెనెరిఫే హాలిడే లేదా #5000 క్యాష్ అవార్డును సేకరించడానికి ఇది మీ చివరి నోటీసు! ల్యాండ్ లైన్ నుంచి 09061743806 కు కాల్ చేయండి. TCs SAE Box326 CW25WX 150ppm
ham,"శూన్యం. ఇక్కడ డబ్బు మీ ఖాతాలోకి ప్రవేశించిన తర్వాత, బ్యాంక్ దాని ఫ్లాట్ రేటును తొలగిస్తుందని నేను అర్థం చేసుకున్నాను. ఎవరో #&gt; &lt; నా ఖాతాకు బదిలీ చేశారు మరియు &lt; #&gt; డాలర్లు తొలగించబడ్డాయి. కాబట్టి బ్యాంకులు భిన్నంగా ఉంటాయి మరియు ఛార్జీలు కూడా differ.be మీరు ఖాతా వివరాలను కాస్ కు పంపుతున్న 9జె వ్యక్తిని మీరు ఖచ్చితంగా నమ్ముతారు..."
spam,ఈ రాత్రికి 2 వేయాలనుకుంటున్నారా? నిజమైన డాగింగ్ లొకేషన్ లు డైరెక్ట్ 2 మీ మాబ్ కు పంపాలనుకుంటున్నారా? MOANను 69888Nytకు Txt చేయడం ద్వారా UK యొక్క అతిపెద్ద డాగింగ్ నెట్ వర్క్ లో చేరండి. ec2a. 31p.msg@150p
spam,ఈ రాత్రికి 2 వేయాలనుకుంటున్నారా? నిజమైన డాగింగ్ లొకేషన్ లు డైరెక్ట్ 2 మీ మాబ్ కు పంపాలనుకుంటున్నారా? MOANను 69888Nytకు Txt చేయడం ద్వారా UK యొక్క అతిపెద్ద డాగింగ్ నెట్ వర్క్ లో చేరండి. ec2a. 31p.msg@150p
ham,సరే నేను పదిహేను నిమిషాల్లో యూఎస్ ఎఫ్ కు వెళతాను.
ham,లవ్ యూ ఆతీ.. లవ్ యూ..
ham,టెన్షన్ ఆహ్?ఏమిటి మాచి?ఏదైనా సమస్య?
ham,"K, మీరు పూర్తయిన తర్వాత నేను మరో 8వ తేదీని తీసుకోవచ్చా?"
ham,మీరు ఎప్పుడు తిరిగి వస్తారు? ఎమ్ సిఆర్ కోసం ఉండకపోవడం గురించి మీరు ఆలోచిస్తున్నారని జి చెప్పారు
ham,"దాదాపు అక్కడ, మిమ్మల్ని ఒక సెకనులో కలుద్దాం"
ham,"యో కార్లోస్, కొంతమంది స్నేహితులు ఇప్పటికే మీ గురించి నన్ను అడుగుతున్నారు, మీరు ఈ వారాంతంలో పని చేస్తున్నారా?"
ham,టీవీ చూస్తూ...
ham,థాంక్యూ బేబీ! అసలు విషయం రుచి చూడటానికి నేను వేచి ఉండలేను...
ham,మీరు మీ ఫేస్ బుక్ ని జేక్ వాన్ తుగ్లీఫ్ ఫాల్కనర్ఫ్ గా మార్చుకోవాలి.
ham,ఒకవేళ గెలిస్తే చాలా కాలం పాటు నెం.1 జట్టుగా నిలుస్తుంది.
spam,"ఉచిత సందేశం నిబంధనలు మరియు షరతుల కోసం, www.07781482378.com సందర్శించండి అనే పదంతో ఈ సందేశానికి ప్రతిస్పందించడం ద్వారా మీ 500 ఉచిత టెక్స్ట్ సందేశాలను యాక్టివేట్ చేయండి"
spam,"ఉచిత సందేశం నిబంధనలు మరియు షరతుల కోసం, www.07781482378.com సందర్శించండి అనే పదంతో ఈ సందేశానికి ప్రతిస్పందించడం ద్వారా మీ 500 ఉచిత టెక్స్ట్ సందేశాలను యాక్టివేట్ చేయండి"
ham,"నాణ్యతపై ఆధారపడి ఉంటుంది. నేను పంపిన రకం కావాలనుకుంటే, మసకబారిన వైభవం, అప్పుడు సుమారు 6. మీకు రాల్ఫ్స్ కావాలంటే 2 కావచ్చు"
ham,మీరు టెస్ట్ సందేశాన్ని పంపగలరా అని నేను ఫిక్స్ చేశానని అనుకుంటున్నాను?
ham,Error: 429
spam,Error: 429
spam,Error: 429
ham,Error: 429
ham,Error: 429
ham,Error: 429
ham,Error: 429
ham,Error: 429
ham,Error: 429
ham,Error: 429
ham,Error: 429
